StatisticsDate,negativeTests,confirmedCases,testsPerDay,cumulativeNegative,cumulativePositive,testsPerformed,lastFeature,County,positiveTestsPerc,positiveTestsPercCum
2020-02-05,0.0,0.0,0.0,0.0,0.0,0.0,,Tartu maakond,,
2020-02-06,0.0,0.0,0.0,0.0,0.0,0.0,,Tartu maakond,,
2020-02-07,0.0,0.0,0.0,0.0,0.0,0.0,,Tartu maakond,,
2020-02-08,0.0,0.0,0.0,0.0,0.0,0.0,,Tartu maakond,,
2020-02-09,0.0,0.0,0.0,0.0,0.0,0.0,,Tartu maakond,,
2020-02-10,0.0,0.0,0.0,0.0,0.0,0.0,,Tartu maakond,,
2020-02-11,0.0,0.0,0.0,0.0,0.0,0.0,,Tartu maakond,,
2020-02-12,0.0,0.0,0.0,0.0,0.0,0.0,,Tartu maakond,,
2020-02-13,0.0,0.0,0.0,0.0,0.0,0.0,,Tartu maakond,,
2020-02-14,0.0,0.0,0.0,0.0,0.0,0.0,,Tartu maakond,,
2020-02-15,0.0,0.0,0.0,0.0,0.0,0.0,,Tartu maakond,,
2020-02-16,0.0,0.0,0.0,0.0,0.0,0.0,,Tartu maakond,,
2020-02-17,0.0,0.0,0.0,0.0,0.0,0.0,,Tartu maakond,,
2020-02-18,0.0,0.0,0.0,0.0,0.0,0.0,,Tartu maakond,,
2020-02-19,0.0,0.0,0.0,0.0,0.0,0.0,,Tartu maakond,,
2020-02-20,0.0,0.0,0.0,0.0,0.0,0.0,,Tartu maakond,,
2020-02-21,0.0,0.0,0.0,0.0,0.0,0.0,,Tartu maakond,,
2020-02-22,0.0,0.0,0.0,0.0,0.0,0.0,,Tartu maakond,,
2020-02-23,0.0,0.0,0.0,0.0,0.0,0.0,,Tartu maakond,,
2020-02-24,0.0,0.0,0.0,0.0,0.0,0.0,,Tartu maakond,,
2020-02-25,0.0,0.0,0.0,0.0,0.0,0.0,,Tartu maakond,,
2020-02-26,1.0,0.0,1.0,1.0,0.0,1.0,,Tartu maakond,0.0,0.0
2020-02-27,0.0,0.0,0.0,1.0,0.0,1.0,,Tartu maakond,,0.0
2020-02-28,1.0,0.0,1.0,2.0,0.0,2.0,,Tartu maakond,0.0,0.0
2020-02-29,0.0,0.0,0.0,2.0,0.0,2.0,,Tartu maakond,,0.0
2020-03-01,0.0,0.0,0.0,2.0,0.0,2.0,,Tartu maakond,,0.0
2020-03-02,0.0,1.0,1.0,2.0,1.0,3.0,,Tartu maakond,1.0,0.3333
2020-03-03,0.0,0.0,0.0,2.0,1.0,3.0,,Tartu maakond,,0.3333
2020-03-04,1.0,0.0,1.0,3.0,1.0,4.0,,Tartu maakond,0.0,0.25
2020-03-05,0.0,0.0,0.0,3.0,1.0,4.0,,Tartu maakond,,0.25
2020-03-06,0.0,0.0,0.0,3.0,1.0,4.0,,Tartu maakond,,0.25
2020-03-07,0.0,0.0,0.0,3.0,1.0,4.0,,Tartu maakond,,0.25
2020-03-08,1.0,0.0,1.0,4.0,1.0,5.0,,Tartu maakond,0.0,0.2
2020-03-09,1.0,0.0,1.0,5.0,1.0,6.0,,Tartu maakond,0.0,0.1667
2020-03-10,4.0,0.0,4.0,9.0,1.0,10.0,,Tartu maakond,0.0,0.1
2020-03-11,8.0,0.0,8.0,17.0,1.0,18.0,,Tartu maakond,0.0,0.0556
2020-03-12,4.0,1.0,5.0,21.0,2.0,23.0,,Tartu maakond,0.2,0.087
2020-03-13,8.0,4.0,12.0,29.0,6.0,35.0,,Tartu maakond,0.3333,0.1714
2020-03-14,10.0,0.0,10.0,39.0,6.0,45.0,,Tartu maakond,0.0,0.1333
2020-03-15,19.0,6.0,25.0,58.0,12.0,70.0,,Tartu maakond,0.24,0.1714
2020-03-16,21.0,1.0,22.0,79.0,13.0,92.0,,Tartu maakond,0.0455,0.1413
2020-03-17,5.0,0.0,5.0,84.0,13.0,97.0,,Tartu maakond,0.0,0.134
2020-03-18,53.0,1.0,54.0,137.0,14.0,151.0,,Tartu maakond,0.0185,0.0927
2020-03-19,31.0,4.0,35.0,168.0,18.0,186.0,,Tartu maakond,0.1143,0.0968
2020-03-20,17.0,3.0,20.0,185.0,21.0,206.0,,Tartu maakond,0.15,0.1019
2020-03-21,47.0,1.0,48.0,232.0,22.0,254.0,,Tartu maakond,0.0208,0.0866
2020-03-22,37.0,1.0,38.0,269.0,23.0,292.0,,Tartu maakond,0.0263,0.0788
2020-03-23,46.0,6.0,52.0,315.0,29.0,344.0,,Tartu maakond,0.1154,0.0843
2020-03-24,140.0,8.0,148.0,455.0,37.0,492.0,,Tartu maakond,0.0541,0.0752
2020-03-25,166.0,6.0,172.0,621.0,43.0,664.0,,Tartu maakond,0.0349,0.0648
2020-03-26,83.0,0.0,83.0,704.0,43.0,747.0,,Tartu maakond,0.0,0.0576
2020-03-27,154.0,0.0,154.0,858.0,43.0,901.0,,Tartu maakond,0.0,0.0477
2020-03-28,68.0,2.0,70.0,926.0,45.0,971.0,,Tartu maakond,0.0286,0.0463
2020-03-29,48.0,1.0,49.0,974.0,46.0,1020.0,,Tartu maakond,0.0204,0.0451
2020-03-30,62.0,2.0,64.0,1036.0,48.0,1084.0,,Tartu maakond,0.0312,0.0443
2020-03-31,158.0,1.0,159.0,1194.0,49.0,1243.0,,Tartu maakond,0.0063,0.0394
2020-04-01,30.0,0.0,30.0,1224.0,49.0,1273.0,,Tartu maakond,0.0,0.0385
2020-04-02,195.0,8.0,203.0,1419.0,57.0,1476.0,,Tartu maakond,0.0394,0.0386
2020-04-03,103.0,3.0,106.0,1522.0,60.0,1582.0,,Tartu maakond,0.0283,0.0379
2020-04-04,127.0,2.0,129.0,1649.0,62.0,1711.0,,Tartu maakond,0.0155,0.0362
2020-04-05,71.0,0.0,71.0,1720.0,62.0,1782.0,,Tartu maakond,0.0,0.0348
2020-04-06,158.0,1.0,159.0,1878.0,63.0,1941.0,,Tartu maakond,0.0063,0.0325
2020-04-07,110.0,6.0,116.0,1988.0,69.0,2057.0,,Tartu maakond,0.0517,0.0335
2020-04-08,144.0,0.0,144.0,2132.0,69.0,2201.0,,Tartu maakond,0.0,0.0313
2020-04-09,158.0,11.0,169.0,2290.0,80.0,2370.0,,Tartu maakond,0.0651,0.0338
2020-04-10,104.0,0.0,104.0,2394.0,80.0,2474.0,,Tartu maakond,0.0,0.0323
2020-04-11,200.0,1.0,201.0,2594.0,81.0,2675.0,,Tartu maakond,0.005,0.0303
2020-04-12,39.0,2.0,41.0,2633.0,83.0,2716.0,,Tartu maakond,0.0488,0.0306
2020-04-13,109.0,2.0,111.0,2742.0,85.0,2827.0,,Tartu maakond,0.018,0.0301
2020-04-14,139.0,0.0,139.0,2881.0,85.0,2966.0,,Tartu maakond,0.0,0.0287
2020-04-15,307.0,1.0,308.0,3188.0,86.0,3274.0,,Tartu maakond,0.0032,0.0263
2020-04-16,248.0,4.0,252.0,3436.0,90.0,3526.0,,Tartu maakond,0.0159,0.0255
2020-04-17,245.0,4.0,249.0,3681.0,94.0,3775.0,,Tartu maakond,0.0161,0.0249
2020-04-18,155.0,0.0,155.0,3836.0,94.0,3930.0,,Tartu maakond,0.0,0.0239
2020-04-19,27.0,1.0,28.0,3863.0,95.0,3958.0,,Tartu maakond,0.0357,0.024
2020-04-20,50.0,2.0,52.0,3913.0,97.0,4010.0,,Tartu maakond,0.0385,0.0242
2020-04-21,231.0,0.0,231.0,4144.0,97.0,4241.0,,Tartu maakond,0.0,0.0229
2020-04-22,147.0,0.0,147.0,4291.0,97.0,4388.0,,Tartu maakond,0.0,0.0221
2020-04-23,107.0,0.0,107.0,4398.0,97.0,4495.0,,Tartu maakond,0.0,0.0216
2020-04-24,94.0,0.0,94.0,4492.0,97.0,4589.0,,Tartu maakond,0.0,0.0211
2020-04-25,48.0,0.0,48.0,4540.0,97.0,4637.0,,Tartu maakond,0.0,0.0209
2020-04-26,26.0,1.0,27.0,4566.0,98.0,4664.0,,Tartu maakond,0.037,0.021
2020-04-27,78.0,0.0,78.0,4644.0,98.0,4742.0,,Tartu maakond,0.0,0.0207
2020-04-28,253.0,2.0,255.0,4897.0,100.0,4997.0,1.0,Tartu maakond,0.0078,0.02
2020-02-05,1.0,0.0,1.0,1.0,0.0,1.0,,Harju maakond,0.0,0.0
2020-02-06,1.0,0.0,1.0,2.0,0.0,2.0,,Harju maakond,0.0,0.0
2020-02-07,0.0,0.0,0.0,2.0,0.0,2.0,,Harju maakond,,0.0
2020-02-08,0.0,0.0,0.0,2.0,0.0,2.0,,Harju maakond,,0.0
2020-02-09,0.0,0.0,0.0,2.0,0.0,2.0,,Harju maakond,,0.0
2020-02-10,0.0,0.0,0.0,2.0,0.0,2.0,,Harju maakond,,0.0
2020-02-11,0.0,0.0,0.0,2.0,0.0,2.0,,Harju maakond,,0.0
2020-02-12,1.0,0.0,1.0,3.0,0.0,3.0,,Harju maakond,0.0,0.0
2020-02-13,0.0,0.0,0.0,3.0,0.0,3.0,,Harju maakond,,0.0
2020-02-14,0.0,0.0,0.0,3.0,0.0,3.0,,Harju maakond,,0.0
2020-02-15,0.0,0.0,0.0,3.0,0.0,3.0,,Harju maakond,,0.0
2020-02-16,0.0,0.0,0.0,3.0,0.0,3.0,,Harju maakond,,0.0
2020-02-17,0.0,0.0,0.0,3.0,0.0,3.0,,Harju maakond,,0.0
2020-02-18,0.0,0.0,0.0,3.0,0.0,3.0,,Harju maakond,,0.0
2020-02-19,0.0,0.0,0.0,3.0,0.0,3.0,,Harju maakond,,0.0
2020-02-20,0.0,0.0,0.0,3.0,0.0,3.0,,Harju maakond,,0.0
2020-02-21,1.0,0.0,1.0,4.0,0.0,4.0,,Harju maakond,0.0,0.0
2020-02-22,0.0,0.0,0.0,4.0,0.0,4.0,,Harju maakond,,0.0
2020-02-23,0.0,0.0,0.0,4.0,0.0,4.0,,Harju maakond,,0.0
2020-02-24,0.0,0.0,0.0,4.0,0.0,4.0,,Harju maakond,,0.0
2020-02-25,0.0,0.0,0.0,4.0,0.0,4.0,,Harju maakond,,0.0
2020-02-26,6.0,1.0,7.0,10.0,1.0,11.0,,Harju maakond,0.1429,0.0909
2020-02-27,9.0,0.0,9.0,19.0,1.0,20.0,,Harju maakond,0.0,0.05
2020-02-28,12.0,0.0,12.0,31.0,1.0,32.0,,Harju maakond,0.0,0.0312
2020-02-29,7.0,0.0,7.0,38.0,1.0,39.0,,Harju maakond,0.0,0.0256
2020-03-01,18.0,0.0,18.0,56.0,1.0,57.0,,Harju maakond,0.0,0.0175
2020-03-02,20.0,0.0,20.0,76.0,1.0,77.0,,Harju maakond,0.0,0.013
2020-03-03,23.0,0.0,23.0,99.0,1.0,100.0,,Harju maakond,0.0,0.01
2020-03-04,26.0,1.0,27.0,125.0,2.0,127.0,,Harju maakond,0.037,0.0157
2020-03-05,23.0,6.0,29.0,148.0,8.0,156.0,,Harju maakond,0.2069,0.0513
2020-03-06,66.0,0.0,66.0,214.0,8.0,222.0,,Harju maakond,0.0,0.036
2020-03-07,26.0,0.0,26.0,240.0,8.0,248.0,,Harju maakond,0.0,0.0323
2020-03-08,16.0,0.0,16.0,256.0,8.0,264.0,,Harju maakond,0.0,0.0303
2020-03-09,47.0,3.0,50.0,303.0,11.0,314.0,,Harju maakond,0.06,0.035
2020-03-10,39.0,0.0,39.0,342.0,11.0,353.0,,Harju maakond,0.0,0.0312
2020-03-11,42.0,3.0,45.0,384.0,14.0,398.0,,Harju maakond,0.0667,0.0352
2020-03-12,53.0,24.0,77.0,437.0,38.0,475.0,,Harju maakond,0.3117,0.08
2020-03-13,82.0,16.0,98.0,519.0,54.0,573.0,,Harju maakond,0.1633,0.0942
2020-03-14,106.0,15.0,121.0,625.0,69.0,694.0,,Harju maakond,0.124,0.0994
2020-03-15,170.0,18.0,188.0,795.0,87.0,882.0,,Harju maakond,0.0957,0.0986
2020-03-16,129.0,9.0,138.0,924.0,96.0,1020.0,,Harju maakond,0.0652,0.0941
2020-03-17,82.0,3.0,85.0,1006.0,99.0,1105.0,,Harju maakond,0.0353,0.0896
2020-03-18,304.0,17.0,321.0,1310.0,116.0,1426.0,,Harju maakond,0.053,0.0813
2020-03-19,172.0,8.0,180.0,1482.0,124.0,1606.0,,Harju maakond,0.0444,0.0772
2020-03-20,246.0,6.0,252.0,1728.0,130.0,1858.0,,Harju maakond,0.0238,0.07
2020-03-21,267.0,9.0,276.0,1995.0,139.0,2134.0,,Harju maakond,0.0326,0.0651
2020-03-22,39.0,2.0,41.0,2034.0,141.0,2175.0,,Harju maakond,0.0488,0.0648
2020-03-23,288.0,8.0,296.0,2322.0,149.0,2471.0,,Harju maakond,0.027,0.0603
2020-03-24,687.0,27.0,714.0,3009.0,176.0,3185.0,,Harju maakond,0.0378,0.0553
2020-03-25,424.0,13.0,437.0,3433.0,189.0,3622.0,,Harju maakond,0.0297,0.0522
2020-03-26,592.0,5.0,597.0,4025.0,194.0,4219.0,,Harju maakond,0.0084,0.046
2020-03-27,511.0,14.0,525.0,4536.0,208.0,4744.0,,Harju maakond,0.0267,0.0438
2020-03-28,558.0,11.0,569.0,5094.0,219.0,5313.0,,Harju maakond,0.0193,0.0412
2020-03-29,295.0,7.0,302.0,5389.0,226.0,5615.0,,Harju maakond,0.0232,0.0402
2020-03-30,509.0,12.0,521.0,5898.0,238.0,6136.0,,Harju maakond,0.023,0.0388
2020-03-31,783.0,22.0,805.0,6681.0,260.0,6941.0,,Harju maakond,0.0273,0.0375
2020-04-01,682.0,25.0,707.0,7363.0,285.0,7648.0,,Harju maakond,0.0354,0.0373
2020-04-02,639.0,18.0,657.0,8002.0,303.0,8305.0,,Harju maakond,0.0274,0.0365
2020-04-03,571.0,18.0,589.0,8573.0,321.0,8894.0,,Harju maakond,0.0306,0.0361
2020-04-04,445.0,11.0,456.0,9018.0,332.0,9350.0,,Harju maakond,0.0241,0.0355
2020-04-05,250.0,6.0,256.0,9268.0,338.0,9606.0,,Harju maakond,0.0234,0.0352
2020-04-06,612.0,18.0,630.0,9880.0,356.0,10236.0,,Harju maakond,0.0286,0.0348
2020-04-07,596.0,20.0,616.0,10476.0,376.0,10852.0,,Harju maakond,0.0325,0.0346
2020-04-08,550.0,5.0,555.0,11026.0,381.0,11407.0,,Harju maakond,0.009,0.0334
2020-04-09,544.0,23.0,567.0,11570.0,404.0,11974.0,,Harju maakond,0.0406,0.0337
2020-04-10,604.0,12.0,616.0,12174.0,416.0,12590.0,,Harju maakond,0.0195,0.033
2020-04-11,182.0,2.0,184.0,12356.0,418.0,12774.0,,Harju maakond,0.0109,0.0327
2020-04-12,170.0,5.0,175.0,12526.0,423.0,12949.0,,Harju maakond,0.0286,0.0327
2020-04-13,593.0,19.0,612.0,13119.0,442.0,13561.0,,Harju maakond,0.031,0.0326
2020-04-14,566.0,12.0,578.0,13685.0,454.0,14139.0,,Harju maakond,0.0208,0.0321
2020-04-15,686.0,18.0,704.0,14371.0,472.0,14843.0,,Harju maakond,0.0256,0.0318
2020-04-16,439.0,9.0,448.0,14810.0,481.0,15291.0,,Harju maakond,0.0201,0.0315
2020-04-17,668.0,33.0,701.0,15478.0,514.0,15992.0,,Harju maakond,0.0471,0.0321
2020-04-18,212.0,6.0,218.0,15690.0,520.0,16210.0,,Harju maakond,0.0275,0.0321
2020-04-19,248.0,6.0,254.0,15938.0,526.0,16464.0,,Harju maakond,0.0236,0.0319
2020-04-20,753.0,11.0,764.0,16691.0,537.0,17228.0,,Harju maakond,0.0144,0.0312
2020-04-21,539.0,5.0,544.0,17230.0,542.0,17772.0,,Harju maakond,0.0092,0.0305
2020-04-22,746.0,12.0,758.0,17976.0,554.0,18530.0,,Harju maakond,0.0158,0.0299
2020-04-23,557.0,7.0,564.0,18533.0,561.0,19094.0,,Harju maakond,0.0124,0.0294
2020-04-24,459.0,9.0,468.0,18992.0,570.0,19562.0,,Harju maakond,0.0192,0.0291
2020-04-25,293.0,7.0,300.0,19285.0,577.0,19862.0,,Harju maakond,0.0233,0.0291
2020-04-26,259.0,2.0,261.0,19544.0,579.0,20123.0,,Harju maakond,0.0077,0.0288
2020-04-27,476.0,4.0,480.0,20020.0,583.0,20603.0,,Harju maakond,0.0083,0.0283
2020-04-28,619.0,2.0,621.0,20639.0,585.0,21224.0,1.0,Harju maakond,0.0032,0.0276
2020-02-05,0.0,0.0,0.0,0.0,0.0,0.0,,Viljandi maakond,,
2020-02-06,0.0,0.0,0.0,0.0,0.0,0.0,,Viljandi maakond,,
2020-02-07,0.0,0.0,0.0,0.0,0.0,0.0,,Viljandi maakond,,
2020-02-08,0.0,0.0,0.0,0.0,0.0,0.0,,Viljandi maakond,,
2020-02-09,0.0,0.0,0.0,0.0,0.0,0.0,,Viljandi maakond,,
2020-02-10,0.0,0.0,0.0,0.0,0.0,0.0,,Viljandi maakond,,
2020-02-11,0.0,0.0,0.0,0.0,0.0,0.0,,Viljandi maakond,,
2020-02-12,0.0,0.0,0.0,0.0,0.0,0.0,,Viljandi maakond,,
2020-02-13,0.0,0.0,0.0,0.0,0.0,0.0,,Viljandi maakond,,
2020-02-14,0.0,0.0,0.0,0.0,0.0,0.0,,Viljandi maakond,,
2020-02-15,0.0,0.0,0.0,0.0,0.0,0.0,,Viljandi maakond,,
2020-02-16,0.0,0.0,0.0,0.0,0.0,0.0,,Viljandi maakond,,
2020-02-17,0.0,0.0,0.0,0.0,0.0,0.0,,Viljandi maakond,,
2020-02-18,0.0,0.0,0.0,0.0,0.0,0.0,,Viljandi maakond,,
2020-02-19,0.0,0.0,0.0,0.0,0.0,0.0,,Viljandi maakond,,
2020-02-20,0.0,0.0,0.0,0.0,0.0,0.0,,Viljandi maakond,,
2020-02-21,0.0,0.0,0.0,0.0,0.0,0.0,,Viljandi maakond,,
2020-02-22,0.0,0.0,0.0,0.0,0.0,0.0,,Viljandi maakond,,
2020-02-23,0.0,0.0,0.0,0.0,0.0,0.0,,Viljandi maakond,,
2020-02-24,0.0,0.0,0.0,0.0,0.0,0.0,,Viljandi maakond,,
2020-02-25,0.0,0.0,0.0,0.0,0.0,0.0,,Viljandi maakond,,
2020-02-26,0.0,0.0,0.0,0.0,0.0,0.0,,Viljandi maakond,,
2020-02-27,0.0,0.0,0.0,0.0,0.0,0.0,,Viljandi maakond,,
2020-02-28,0.0,0.0,0.0,0.0,0.0,0.0,,Viljandi maakond,,
2020-02-29,1.0,0.0,1.0,1.0,0.0,1.0,,Viljandi maakond,0.0,0.0
2020-03-01,0.0,0.0,0.0,1.0,0.0,1.0,,Viljandi maakond,,0.0
2020-03-02,0.0,0.0,0.0,1.0,0.0,1.0,,Viljandi maakond,,0.0
2020-03-03,0.0,0.0,0.0,1.0,0.0,1.0,,Viljandi maakond,,0.0
2020-03-04,0.0,0.0,0.0,1.0,0.0,1.0,,Viljandi maakond,,0.0
2020-03-05,0.0,0.0,0.0,1.0,0.0,1.0,,Viljandi maakond,,0.0
2020-03-06,0.0,0.0,0.0,1.0,0.0,1.0,,Viljandi maakond,,0.0
2020-03-07,0.0,0.0,0.0,1.0,0.0,1.0,,Viljandi maakond,,0.0
2020-03-08,0.0,0.0,0.0,1.0,0.0,1.0,,Viljandi maakond,,0.0
2020-03-09,0.0,0.0,0.0,1.0,0.0,1.0,,Viljandi maakond,,0.0
2020-03-10,3.0,0.0,3.0,4.0,0.0,4.0,,Viljandi maakond,0.0,0.0
2020-03-11,1.0,0.0,1.0,5.0,0.0,5.0,,Viljandi maakond,0.0,0.0
2020-03-12,1.0,0.0,1.0,6.0,0.0,6.0,,Viljandi maakond,0.0,0.0
2020-03-13,3.0,1.0,4.0,9.0,1.0,10.0,,Viljandi maakond,0.25,0.1
2020-03-14,3.0,0.0,3.0,12.0,1.0,13.0,,Viljandi maakond,0.0,0.0769
2020-03-15,4.0,1.0,5.0,16.0,2.0,18.0,,Viljandi maakond,0.2,0.1111
2020-03-16,2.0,0.0,2.0,18.0,2.0,20.0,,Viljandi maakond,0.0,0.1
2020-03-17,1.0,0.0,1.0,19.0,2.0,21.0,,Viljandi maakond,0.0,0.0952
2020-03-18,13.0,0.0,13.0,32.0,2.0,34.0,,Viljandi maakond,0.0,0.0588
2020-03-19,4.0,0.0,4.0,36.0,2.0,38.0,,Viljandi maakond,0.0,0.0526
2020-03-20,5.0,0.0,5.0,41.0,2.0,43.0,,Viljandi maakond,0.0,0.0465
2020-03-21,19.0,0.0,19.0,60.0,2.0,62.0,,Viljandi maakond,0.0,0.0323
2020-03-22,6.0,1.0,7.0,66.0,3.0,69.0,,Viljandi maakond,0.1429,0.0435
2020-03-23,5.0,0.0,5.0,71.0,3.0,74.0,,Viljandi maakond,0.0,0.0405
2020-03-24,69.0,0.0,69.0,140.0,3.0,143.0,,Viljandi maakond,0.0,0.021
2020-03-25,43.0,2.0,45.0,183.0,5.0,188.0,,Viljandi maakond,0.0444,0.0266
2020-03-26,7.0,0.0,7.0,190.0,5.0,195.0,,Viljandi maakond,0.0,0.0256
2020-03-27,60.0,1.0,61.0,250.0,6.0,256.0,,Viljandi maakond,0.0164,0.0234
2020-03-28,16.0,0.0,16.0,266.0,6.0,272.0,,Viljandi maakond,0.0,0.0221
2020-03-29,13.0,0.0,13.0,279.0,6.0,285.0,,Viljandi maakond,0.0,0.0211
2020-03-30,38.0,0.0,38.0,317.0,6.0,323.0,,Viljandi maakond,0.0,0.0186
2020-03-31,31.0,0.0,31.0,348.0,6.0,354.0,,Viljandi maakond,0.0,0.0169
2020-04-01,46.0,5.0,51.0,394.0,11.0,405.0,,Viljandi maakond,0.098,0.0272
2020-04-02,50.0,2.0,52.0,444.0,13.0,457.0,,Viljandi maakond,0.0385,0.0284
2020-04-03,82.0,2.0,84.0,526.0,15.0,541.0,,Viljandi maakond,0.0238,0.0277
2020-04-04,122.0,2.0,124.0,648.0,17.0,665.0,,Viljandi maakond,0.0161,0.0256
2020-04-05,12.0,0.0,12.0,660.0,17.0,677.0,,Viljandi maakond,0.0,0.0251
2020-04-06,62.0,0.0,62.0,722.0,17.0,739.0,,Viljandi maakond,0.0,0.023
2020-04-07,35.0,0.0,35.0,757.0,17.0,774.0,,Viljandi maakond,0.0,0.022
2020-04-08,40.0,1.0,41.0,797.0,18.0,815.0,,Viljandi maakond,0.0244,0.0221
2020-04-09,58.0,1.0,59.0,855.0,19.0,874.0,,Viljandi maakond,0.0169,0.0217
2020-04-10,45.0,0.0,45.0,900.0,19.0,919.0,,Viljandi maakond,0.0,0.0207
2020-04-11,8.0,0.0,8.0,908.0,19.0,927.0,,Viljandi maakond,0.0,0.0205
2020-04-12,12.0,0.0,12.0,920.0,19.0,939.0,,Viljandi maakond,0.0,0.0202
2020-04-13,134.0,1.0,135.0,1054.0,20.0,1074.0,,Viljandi maakond,0.0074,0.0186
2020-04-14,143.0,0.0,143.0,1197.0,20.0,1217.0,,Viljandi maakond,0.0,0.0164
2020-04-15,141.0,0.0,141.0,1338.0,20.0,1358.0,,Viljandi maakond,0.0,0.0147
2020-04-16,32.0,0.0,32.0,1370.0,20.0,1390.0,,Viljandi maakond,0.0,0.0144
2020-04-17,245.0,1.0,246.0,1615.0,21.0,1636.0,,Viljandi maakond,0.0041,0.0128
2020-04-18,68.0,1.0,69.0,1683.0,22.0,1705.0,,Viljandi maakond,0.0145,0.0129
2020-04-19,16.0,0.0,16.0,1699.0,22.0,1721.0,,Viljandi maakond,0.0,0.0128
2020-04-20,19.0,0.0,19.0,1718.0,22.0,1740.0,,Viljandi maakond,0.0,0.0126
2020-04-21,60.0,0.0,60.0,1778.0,22.0,1800.0,,Viljandi maakond,0.0,0.0122
2020-04-22,24.0,1.0,25.0,1802.0,23.0,1825.0,,Viljandi maakond,0.04,0.0126
2020-04-23,40.0,0.0,40.0,1842.0,23.0,1865.0,,Viljandi maakond,0.0,0.0123
2020-04-24,9.0,0.0,9.0,1851.0,23.0,1874.0,,Viljandi maakond,0.0,0.0123
2020-04-25,27.0,0.0,27.0,1878.0,23.0,1901.0,,Viljandi maakond,0.0,0.0121
2020-04-26,12.0,0.0,12.0,1890.0,23.0,1913.0,,Viljandi maakond,0.0,0.012
2020-04-27,20.0,0.0,20.0,1910.0,23.0,1933.0,,Viljandi maakond,0.0,0.0119
2020-04-28,81.0,0.0,81.0,1991.0,23.0,2014.0,1.0,Viljandi maakond,0.0,0.0114
2020-02-05,0.0,0.0,0.0,0.0,0.0,0.0,,Valga maakond,,
2020-02-06,0.0,0.0,0.0,0.0,0.0,0.0,,Valga maakond,,
2020-02-07,0.0,0.0,0.0,0.0,0.0,0.0,,Valga maakond,,
2020-02-08,0.0,0.0,0.0,0.0,0.0,0.0,,Valga maakond,,
2020-02-09,0.0,0.0,0.0,0.0,0.0,0.0,,Valga maakond,,
2020-02-10,0.0,0.0,0.0,0.0,0.0,0.0,,Valga maakond,,
2020-02-11,0.0,0.0,0.0,0.0,0.0,0.0,,Valga maakond,,
2020-02-12,0.0,0.0,0.0,0.0,0.0,0.0,,Valga maakond,,
2020-02-13,0.0,0.0,0.0,0.0,0.0,0.0,,Valga maakond,,
2020-02-14,0.0,0.0,0.0,0.0,0.0,0.0,,Valga maakond,,
2020-02-15,0.0,0.0,0.0,0.0,0.0,0.0,,Valga maakond,,
2020-02-16,0.0,0.0,0.0,0.0,0.0,0.0,,Valga maakond,,
2020-02-17,0.0,0.0,0.0,0.0,0.0,0.0,,Valga maakond,,
2020-02-18,0.0,0.0,0.0,0.0,0.0,0.0,,Valga maakond,,
2020-02-19,0.0,0.0,0.0,0.0,0.0,0.0,,Valga maakond,,
2020-02-20,0.0,0.0,0.0,0.0,0.0,0.0,,Valga maakond,,
2020-02-21,0.0,0.0,0.0,0.0,0.0,0.0,,Valga maakond,,
2020-02-22,0.0,0.0,0.0,0.0,0.0,0.0,,Valga maakond,,
2020-02-23,0.0,0.0,0.0,0.0,0.0,0.0,,Valga maakond,,
2020-02-24,0.0,0.0,0.0,0.0,0.0,0.0,,Valga maakond,,
2020-02-25,0.0,0.0,0.0,0.0,0.0,0.0,,Valga maakond,,
2020-02-26,0.0,0.0,0.0,0.0,0.0,0.0,,Valga maakond,,
2020-02-27,0.0,0.0,0.0,0.0,0.0,0.0,,Valga maakond,,
2020-02-28,0.0,0.0,0.0,0.0,0.0,0.0,,Valga maakond,,
2020-02-29,0.0,0.0,0.0,0.0,0.0,0.0,,Valga maakond,,
2020-03-01,0.0,0.0,0.0,0.0,0.0,0.0,,Valga maakond,,
2020-03-02,0.0,0.0,0.0,0.0,0.0,0.0,,Valga maakond,,
2020-03-03,0.0,0.0,0.0,0.0,0.0,0.0,,Valga maakond,,
2020-03-04,0.0,0.0,0.0,0.0,0.0,0.0,,Valga maakond,,
2020-03-05,1.0,0.0,1.0,1.0,0.0,1.0,,Valga maakond,0.0,0.0
2020-03-06,0.0,0.0,0.0,1.0,0.0,1.0,,Valga maakond,,0.0
2020-03-07,0.0,0.0,0.0,1.0,0.0,1.0,,Valga maakond,,0.0
2020-03-08,0.0,0.0,0.0,1.0,0.0,1.0,,Valga maakond,,0.0
2020-03-09,0.0,0.0,0.0,1.0,0.0,1.0,,Valga maakond,,0.0
2020-03-10,2.0,0.0,2.0,3.0,0.0,3.0,,Valga maakond,0.0,0.0
2020-03-11,0.0,0.0,0.0,3.0,0.0,3.0,,Valga maakond,,0.0
2020-03-12,0.0,0.0,0.0,3.0,0.0,3.0,,Valga maakond,,0.0
2020-03-13,4.0,0.0,4.0,7.0,0.0,7.0,,Valga maakond,0.0,0.0
2020-03-14,1.0,1.0,2.0,8.0,1.0,9.0,,Valga maakond,0.5,0.1111
2020-03-15,0.0,0.0,0.0,8.0,1.0,9.0,,Valga maakond,,0.1111
2020-03-16,2.0,0.0,2.0,10.0,1.0,11.0,,Valga maakond,0.0,0.0909
2020-03-17,4.0,0.0,4.0,14.0,1.0,15.0,,Valga maakond,0.0,0.0667
2020-03-18,1.0,0.0,1.0,15.0,1.0,16.0,,Valga maakond,0.0,0.0625
2020-03-19,0.0,0.0,0.0,15.0,1.0,16.0,,Valga maakond,,0.0625
2020-03-20,9.0,0.0,9.0,24.0,1.0,25.0,,Valga maakond,0.0,0.04
2020-03-21,8.0,0.0,8.0,32.0,1.0,33.0,,Valga maakond,0.0,0.0303
2020-03-22,4.0,0.0,4.0,36.0,1.0,37.0,,Valga maakond,0.0,0.027
2020-03-23,6.0,0.0,6.0,42.0,1.0,43.0,,Valga maakond,0.0,0.0233
2020-03-24,26.0,0.0,26.0,68.0,1.0,69.0,,Valga maakond,0.0,0.0145
2020-03-25,19.0,1.0,20.0,87.0,2.0,89.0,,Valga maakond,0.05,0.0225
2020-03-26,20.0,1.0,21.0,107.0,3.0,110.0,,Valga maakond,0.0476,0.0273
2020-03-27,17.0,0.0,17.0,124.0,3.0,127.0,,Valga maakond,0.0,0.0236
2020-03-28,1.0,0.0,1.0,125.0,3.0,128.0,,Valga maakond,0.0,0.0234
2020-03-29,0.0,1.0,1.0,125.0,4.0,129.0,,Valga maakond,1.0,0.031
2020-03-30,20.0,1.0,21.0,145.0,5.0,150.0,,Valga maakond,0.0476,0.0333
2020-03-31,23.0,0.0,23.0,168.0,5.0,173.0,,Valga maakond,0.0,0.0289
2020-04-01,15.0,0.0,15.0,183.0,5.0,188.0,,Valga maakond,0.0,0.0266
2020-04-02,29.0,0.0,29.0,212.0,5.0,217.0,,Valga maakond,0.0,0.023
2020-04-03,19.0,1.0,20.0,231.0,6.0,237.0,,Valga maakond,0.05,0.0253
2020-04-04,11.0,0.0,11.0,242.0,6.0,248.0,,Valga maakond,0.0,0.0242
2020-04-05,10.0,0.0,10.0,252.0,6.0,258.0,,Valga maakond,0.0,0.0233
2020-04-06,91.0,0.0,91.0,343.0,6.0,349.0,,Valga maakond,0.0,0.0172
2020-04-07,21.0,0.0,21.0,364.0,6.0,370.0,,Valga maakond,0.0,0.0162
2020-04-08,19.0,0.0,19.0,383.0,6.0,389.0,,Valga maakond,0.0,0.0154
2020-04-09,24.0,0.0,24.0,407.0,6.0,413.0,,Valga maakond,0.0,0.0145
2020-04-10,8.0,0.0,8.0,415.0,6.0,421.0,,Valga maakond,0.0,0.0143
2020-04-11,146.0,1.0,147.0,561.0,7.0,568.0,,Valga maakond,0.0068,0.0123
2020-04-12,5.0,0.0,5.0,566.0,7.0,573.0,,Valga maakond,0.0,0.0122
2020-04-13,31.0,0.0,31.0,597.0,7.0,604.0,,Valga maakond,0.0,0.0116
2020-04-14,21.0,0.0,21.0,618.0,7.0,625.0,,Valga maakond,0.0,0.0112
2020-04-15,54.0,0.0,54.0,672.0,7.0,679.0,,Valga maakond,0.0,0.0103
2020-04-16,160.0,0.0,160.0,832.0,7.0,839.0,,Valga maakond,0.0,0.0083
2020-04-17,39.0,0.0,39.0,871.0,7.0,878.0,,Valga maakond,0.0,0.008
2020-04-18,50.0,0.0,50.0,921.0,7.0,928.0,,Valga maakond,0.0,0.0075
2020-04-19,5.0,0.0,5.0,926.0,7.0,933.0,,Valga maakond,0.0,0.0075
2020-04-20,15.0,0.0,15.0,941.0,7.0,948.0,,Valga maakond,0.0,0.0074
2020-04-21,15.0,0.0,15.0,956.0,7.0,963.0,,Valga maakond,0.0,0.0073
2020-04-22,21.0,0.0,21.0,977.0,7.0,984.0,,Valga maakond,0.0,0.0071
2020-04-23,24.0,1.0,25.0,1001.0,8.0,1009.0,,Valga maakond,0.04,0.0079
2020-04-24,16.0,0.0,16.0,1017.0,8.0,1025.0,,Valga maakond,0.0,0.0078
2020-04-25,4.0,0.0,4.0,1021.0,8.0,1029.0,,Valga maakond,0.0,0.0078
2020-04-26,13.0,0.0,13.0,1034.0,8.0,1042.0,,Valga maakond,0.0,0.0077
2020-04-27,28.0,0.0,28.0,1062.0,8.0,1070.0,,Valga maakond,0.0,0.0075
2020-04-28,41.0,1.0,42.0,1103.0,9.0,1112.0,1.0,Valga maakond,0.0238,0.0081
2020-02-05,0.0,0.0,0.0,0.0,0.0,0.0,,Võru maakond,,
2020-02-06,0.0,0.0,0.0,0.0,0.0,0.0,,Võru maakond,,
2020-02-07,0.0,0.0,0.0,0.0,0.0,0.0,,Võru maakond,,
2020-02-08,0.0,0.0,0.0,0.0,0.0,0.0,,Võru maakond,,
2020-02-09,0.0,0.0,0.0,0.0,0.0,0.0,,Võru maakond,,
2020-02-10,0.0,0.0,0.0,0.0,0.0,0.0,,Võru maakond,,
2020-02-11,0.0,0.0,0.0,0.0,0.0,0.0,,Võru maakond,,
2020-02-12,0.0,0.0,0.0,0.0,0.0,0.0,,Võru maakond,,
2020-02-13,0.0,0.0,0.0,0.0,0.0,0.0,,Võru maakond,,
2020-02-14,0.0,0.0,0.0,0.0,0.0,0.0,,Võru maakond,,
2020-02-15,0.0,0.0,0.0,0.0,0.0,0.0,,Võru maakond,,
2020-02-16,0.0,0.0,0.0,0.0,0.0,0.0,,Võru maakond,,
2020-02-17,0.0,0.0,0.0,0.0,0.0,0.0,,Võru maakond,,
2020-02-18,0.0,0.0,0.0,0.0,0.0,0.0,,Võru maakond,,
2020-02-19,0.0,0.0,0.0,0.0,0.0,0.0,,Võru maakond,,
2020-02-20,0.0,0.0,0.0,0.0,0.0,0.0,,Võru maakond,,
2020-02-21,0.0,0.0,0.0,0.0,0.0,0.0,,Võru maakond,,
2020-02-22,0.0,0.0,0.0,0.0,0.0,0.0,,Võru maakond,,
2020-02-23,0.0,0.0,0.0,0.0,0.0,0.0,,Võru maakond,,
2020-02-24,0.0,0.0,0.0,0.0,0.0,0.0,,Võru maakond,,
2020-02-25,0.0,0.0,0.0,0.0,0.0,0.0,,Võru maakond,,
2020-02-26,0.0,0.0,0.0,0.0,0.0,0.0,,Võru maakond,,
2020-02-27,0.0,0.0,0.0,0.0,0.0,0.0,,Võru maakond,,
2020-02-28,0.0,0.0,0.0,0.0,0.0,0.0,,Võru maakond,,
2020-02-29,0.0,0.0,0.0,0.0,0.0,0.0,,Võru maakond,,
2020-03-01,0.0,0.0,0.0,0.0,0.0,0.0,,Võru maakond,,
2020-03-02,0.0,0.0,0.0,0.0,0.0,0.0,,Võru maakond,,
2020-03-03,0.0,0.0,0.0,0.0,0.0,0.0,,Võru maakond,,
2020-03-04,0.0,0.0,0.0,0.0,0.0,0.0,,Võru maakond,,
2020-03-05,1.0,0.0,1.0,1.0,0.0,1.0,,Võru maakond,0.0,0.0
2020-03-06,0.0,0.0,0.0,1.0,0.0,1.0,,Võru maakond,,0.0
2020-03-07,0.0,0.0,0.0,1.0,0.0,1.0,,Võru maakond,,0.0
2020-03-08,0.0,0.0,0.0,1.0,0.0,1.0,,Võru maakond,,0.0
2020-03-09,0.0,0.0,0.0,1.0,0.0,1.0,,Võru maakond,,0.0
2020-03-10,0.0,0.0,0.0,1.0,0.0,1.0,,Võru maakond,,0.0
2020-03-11,1.0,0.0,1.0,2.0,0.0,2.0,,Võru maakond,0.0,0.0
2020-03-12,0.0,0.0,0.0,2.0,0.0,2.0,,Võru maakond,,0.0
2020-03-13,2.0,6.0,8.0,4.0,6.0,10.0,,Võru maakond,0.75,0.6
2020-03-14,0.0,0.0,0.0,4.0,6.0,10.0,,Võru maakond,,0.6
2020-03-15,23.0,15.0,38.0,27.0,21.0,48.0,,Võru maakond,0.3947,0.4375
2020-03-16,9.0,1.0,10.0,36.0,22.0,58.0,,Võru maakond,0.1,0.3793
2020-03-17,6.0,3.0,9.0,42.0,25.0,67.0,,Võru maakond,0.3333,0.3731
2020-03-18,5.0,1.0,6.0,47.0,26.0,73.0,,Võru maakond,0.1667,0.3562
2020-03-19,5.0,1.0,6.0,52.0,27.0,79.0,,Võru maakond,0.1667,0.3418
2020-03-20,14.0,1.0,15.0,66.0,28.0,94.0,,Võru maakond,0.0667,0.2979
2020-03-21,82.0,8.0,90.0,148.0,36.0,184.0,,Võru maakond,0.0889,0.1957
2020-03-22,4.0,5.0,9.0,152.0,41.0,193.0,,Võru maakond,0.5556,0.2124
2020-03-23,39.0,6.0,45.0,191.0,47.0,238.0,,Võru maakond,0.1333,0.1975
2020-03-24,38.0,3.0,41.0,229.0,50.0,279.0,,Võru maakond,0.0732,0.1792
2020-03-25,40.0,4.0,44.0,269.0,54.0,323.0,,Võru maakond,0.0909,0.1672
2020-03-26,38.0,6.0,44.0,307.0,60.0,367.0,,Võru maakond,0.1364,0.1635
2020-03-27,29.0,1.0,30.0,336.0,61.0,397.0,,Võru maakond,0.0333,0.1537
2020-03-28,15.0,1.0,16.0,351.0,62.0,413.0,,Võru maakond,0.0625,0.1501
2020-03-29,10.0,0.0,10.0,361.0,62.0,423.0,,Võru maakond,0.0,0.1466
2020-03-30,23.0,2.0,25.0,384.0,64.0,448.0,,Võru maakond,0.08,0.1429
2020-03-31,31.0,2.0,33.0,415.0,66.0,481.0,,Võru maakond,0.0606,0.1372
2020-04-01,20.0,0.0,20.0,435.0,66.0,501.0,,Võru maakond,0.0,0.1317
2020-04-02,330.0,2.0,332.0,765.0,68.0,833.0,,Võru maakond,0.006,0.0816
2020-04-03,150.0,0.0,150.0,915.0,68.0,983.0,,Võru maakond,0.0,0.0692
2020-04-04,12.0,2.0,14.0,927.0,70.0,997.0,,Võru maakond,0.1429,0.0702
2020-04-05,149.0,0.0,149.0,1076.0,70.0,1146.0,,Võru maakond,0.0,0.0611
2020-04-06,46.0,0.0,46.0,1122.0,70.0,1192.0,,Võru maakond,0.0,0.0587
2020-04-07,35.0,2.0,37.0,1157.0,72.0,1229.0,,Võru maakond,0.0541,0.0586
2020-04-08,28.0,0.0,28.0,1185.0,72.0,1257.0,,Võru maakond,0.0,0.0573
2020-04-09,37.0,0.0,37.0,1222.0,72.0,1294.0,,Võru maakond,0.0,0.0556
2020-04-10,14.0,2.0,16.0,1236.0,74.0,1310.0,,Võru maakond,0.125,0.0565
2020-04-11,41.0,0.0,41.0,1277.0,74.0,1351.0,,Võru maakond,0.0,0.0548
2020-04-12,8.0,0.0,8.0,1285.0,74.0,1359.0,,Võru maakond,0.0,0.0545
2020-04-13,42.0,1.0,43.0,1327.0,75.0,1402.0,,Võru maakond,0.0233,0.0535
2020-04-14,41.0,0.0,41.0,1368.0,75.0,1443.0,,Võru maakond,0.0,0.052
2020-04-15,45.0,1.0,46.0,1413.0,76.0,1489.0,,Võru maakond,0.0217,0.051
2020-04-16,122.0,0.0,122.0,1535.0,76.0,1611.0,,Võru maakond,0.0,0.0472
2020-04-17,25.0,0.0,25.0,1560.0,76.0,1636.0,,Võru maakond,0.0,0.0465
2020-04-18,14.0,5.0,19.0,1574.0,81.0,1655.0,,Võru maakond,0.2632,0.0489
2020-04-19,10.0,0.0,10.0,1584.0,81.0,1665.0,,Võru maakond,0.0,0.0486
2020-04-20,17.0,0.0,17.0,1601.0,81.0,1682.0,,Võru maakond,0.0,0.0482
2020-04-21,14.0,0.0,14.0,1615.0,81.0,1696.0,,Võru maakond,0.0,0.0478
2020-04-22,34.0,1.0,35.0,1649.0,82.0,1731.0,,Võru maakond,0.0286,0.0474
2020-04-23,18.0,0.0,18.0,1667.0,82.0,1749.0,,Võru maakond,0.0,0.0469
2020-04-24,9.0,0.0,9.0,1676.0,82.0,1758.0,,Võru maakond,0.0,0.0466
2020-04-25,9.0,0.0,9.0,1685.0,82.0,1767.0,,Võru maakond,0.0,0.0464
2020-04-26,11.0,0.0,11.0,1696.0,82.0,1778.0,,Võru maakond,0.0,0.0461
2020-04-27,30.0,0.0,30.0,1726.0,82.0,1808.0,,Võru maakond,0.0,0.0454
2020-04-28,54.0,0.0,54.0,1780.0,82.0,1862.0,1.0,Võru maakond,0.0,0.044
2020-02-05,0.0,0.0,0.0,0.0,0.0,0.0,,Pärnu maakond,,
2020-02-06,0.0,0.0,0.0,0.0,0.0,0.0,,Pärnu maakond,,
2020-02-07,0.0,0.0,0.0,0.0,0.0,0.0,,Pärnu maakond,,
2020-02-08,0.0,0.0,0.0,0.0,0.0,0.0,,Pärnu maakond,,
2020-02-09,0.0,0.0,0.0,0.0,0.0,0.0,,Pärnu maakond,,
2020-02-10,0.0,0.0,0.0,0.0,0.0,0.0,,Pärnu maakond,,
2020-02-11,0.0,0.0,0.0,0.0,0.0,0.0,,Pärnu maakond,,
2020-02-12,0.0,0.0,0.0,0.0,0.0,0.0,,Pärnu maakond,,
2020-02-13,0.0,0.0,0.0,0.0,0.0,0.0,,Pärnu maakond,,
2020-02-14,0.0,0.0,0.0,0.0,0.0,0.0,,Pärnu maakond,,
2020-02-15,0.0,0.0,0.0,0.0,0.0,0.0,,Pärnu maakond,,
2020-02-16,0.0,0.0,0.0,0.0,0.0,0.0,,Pärnu maakond,,
2020-02-17,0.0,0.0,0.0,0.0,0.0,0.0,,Pärnu maakond,,
2020-02-18,0.0,0.0,0.0,0.0,0.0,0.0,,Pärnu maakond,,
2020-02-19,0.0,0.0,0.0,0.0,0.0,0.0,,Pärnu maakond,,
2020-02-20,0.0,0.0,0.0,0.0,0.0,0.0,,Pärnu maakond,,
2020-02-21,0.0,0.0,0.0,0.0,0.0,0.0,,Pärnu maakond,,
2020-02-22,0.0,0.0,0.0,0.0,0.0,0.0,,Pärnu maakond,,
2020-02-23,0.0,0.0,0.0,0.0,0.0,0.0,,Pärnu maakond,,
2020-02-24,0.0,0.0,0.0,0.0,0.0,0.0,,Pärnu maakond,,
2020-02-25,1.0,0.0,1.0,1.0,0.0,1.0,,Pärnu maakond,0.0,0.0
2020-02-26,0.0,0.0,0.0,1.0,0.0,1.0,,Pärnu maakond,,0.0
2020-02-27,0.0,0.0,0.0,1.0,0.0,1.0,,Pärnu maakond,,0.0
2020-02-28,0.0,0.0,0.0,1.0,0.0,1.0,,Pärnu maakond,,0.0
2020-02-29,0.0,0.0,0.0,1.0,0.0,1.0,,Pärnu maakond,,0.0
2020-03-01,0.0,0.0,0.0,1.0,0.0,1.0,,Pärnu maakond,,0.0
2020-03-02,0.0,0.0,0.0,1.0,0.0,1.0,,Pärnu maakond,,0.0
2020-03-03,2.0,0.0,2.0,3.0,0.0,3.0,,Pärnu maakond,0.0,0.0
2020-03-04,0.0,0.0,0.0,3.0,0.0,3.0,,Pärnu maakond,,0.0
2020-03-05,1.0,0.0,1.0,4.0,0.0,4.0,,Pärnu maakond,0.0,0.0
2020-03-06,0.0,0.0,0.0,4.0,0.0,4.0,,Pärnu maakond,,0.0
2020-03-07,0.0,0.0,0.0,4.0,0.0,4.0,,Pärnu maakond,,0.0
2020-03-08,1.0,0.0,1.0,5.0,0.0,5.0,,Pärnu maakond,0.0,0.0
2020-03-09,9.0,0.0,9.0,14.0,0.0,14.0,,Pärnu maakond,0.0,0.0
2020-03-10,3.0,0.0,3.0,17.0,0.0,17.0,,Pärnu maakond,0.0,0.0
2020-03-11,3.0,0.0,3.0,20.0,0.0,20.0,,Pärnu maakond,0.0,0.0
2020-03-12,0.0,0.0,0.0,20.0,0.0,20.0,,Pärnu maakond,,0.0
2020-03-13,15.0,7.0,22.0,35.0,7.0,42.0,,Pärnu maakond,0.3182,0.1667
2020-03-14,4.0,5.0,9.0,39.0,12.0,51.0,,Pärnu maakond,0.5556,0.2353
2020-03-15,46.0,4.0,50.0,85.0,16.0,101.0,,Pärnu maakond,0.08,0.1584
2020-03-16,34.0,4.0,38.0,119.0,20.0,139.0,,Pärnu maakond,0.1053,0.1439
2020-03-17,12.0,2.0,14.0,131.0,22.0,153.0,,Pärnu maakond,0.1429,0.1438
2020-03-18,27.0,1.0,28.0,158.0,23.0,181.0,,Pärnu maakond,0.0357,0.1271
2020-03-19,29.0,0.0,29.0,187.0,23.0,210.0,,Pärnu maakond,0.0,0.1095
2020-03-20,13.0,0.0,13.0,200.0,23.0,223.0,,Pärnu maakond,0.0,0.1031
2020-03-21,23.0,1.0,24.0,223.0,24.0,247.0,,Pärnu maakond,0.0417,0.0972
2020-03-22,20.0,1.0,21.0,243.0,25.0,268.0,,Pärnu maakond,0.0476,0.0933
2020-03-23,11.0,1.0,12.0,254.0,26.0,280.0,,Pärnu maakond,0.0833,0.0929
2020-03-24,81.0,3.0,84.0,335.0,29.0,364.0,,Pärnu maakond,0.0357,0.0797
2020-03-25,22.0,2.0,24.0,357.0,31.0,388.0,,Pärnu maakond,0.0833,0.0799
2020-03-26,78.0,5.0,83.0,435.0,36.0,471.0,,Pärnu maakond,0.0602,0.0764
2020-03-27,69.0,4.0,73.0,504.0,40.0,544.0,,Pärnu maakond,0.0548,0.0735
2020-03-28,29.0,1.0,30.0,533.0,41.0,574.0,,Pärnu maakond,0.0333,0.0714
2020-03-29,21.0,0.0,21.0,554.0,41.0,595.0,,Pärnu maakond,0.0,0.0689
2020-03-30,79.0,3.0,82.0,633.0,44.0,677.0,,Pärnu maakond,0.0366,0.065
2020-03-31,267.0,0.0,267.0,900.0,44.0,944.0,,Pärnu maakond,0.0,0.0466
2020-04-01,84.0,6.0,90.0,984.0,50.0,1034.0,,Pärnu maakond,0.0667,0.0484
2020-04-02,114.0,4.0,118.0,1098.0,54.0,1152.0,,Pärnu maakond,0.0339,0.0469
2020-04-03,165.0,4.0,169.0,1263.0,58.0,1321.0,,Pärnu maakond,0.0237,0.0439
2020-04-04,62.0,3.0,65.0,1325.0,61.0,1386.0,,Pärnu maakond,0.0462,0.044
2020-04-05,71.0,0.0,71.0,1396.0,61.0,1457.0,,Pärnu maakond,0.0,0.0419
2020-04-06,114.0,3.0,117.0,1510.0,64.0,1574.0,,Pärnu maakond,0.0256,0.0407
2020-04-07,99.0,1.0,100.0,1609.0,65.0,1674.0,,Pärnu maakond,0.01,0.0388
2020-04-08,174.0,3.0,177.0,1783.0,68.0,1851.0,,Pärnu maakond,0.0169,0.0367
2020-04-09,137.0,2.0,139.0,1920.0,70.0,1990.0,,Pärnu maakond,0.0144,0.0352
2020-04-10,102.0,1.0,103.0,2022.0,71.0,2093.0,,Pärnu maakond,0.0097,0.0339
2020-04-11,40.0,1.0,41.0,2062.0,72.0,2134.0,,Pärnu maakond,0.0244,0.0337
2020-04-12,12.0,0.0,12.0,2074.0,72.0,2146.0,,Pärnu maakond,0.0,0.0336
2020-04-13,84.0,11.0,95.0,2158.0,83.0,2241.0,,Pärnu maakond,0.1158,0.037
2020-04-14,91.0,3.0,94.0,2249.0,86.0,2335.0,,Pärnu maakond,0.0319,0.0368
2020-04-15,88.0,1.0,89.0,2337.0,87.0,2424.0,,Pärnu maakond,0.0112,0.0359
2020-04-16,53.0,1.0,54.0,2390.0,88.0,2478.0,,Pärnu maakond,0.0185,0.0355
2020-04-17,126.0,4.0,130.0,2516.0,92.0,2608.0,,Pärnu maakond,0.0308,0.0353
2020-04-18,15.0,0.0,15.0,2531.0,92.0,2623.0,,Pärnu maakond,0.0,0.0351
2020-04-19,36.0,0.0,36.0,2567.0,92.0,2659.0,,Pärnu maakond,0.0,0.0346
2020-04-20,113.0,2.0,115.0,2680.0,94.0,2774.0,,Pärnu maakond,0.0174,0.0339
2020-04-21,96.0,0.0,96.0,2776.0,94.0,2870.0,,Pärnu maakond,0.0,0.0328
2020-04-22,56.0,1.0,57.0,2832.0,95.0,2927.0,,Pärnu maakond,0.0175,0.0325
2020-04-23,117.0,0.0,117.0,2949.0,95.0,3044.0,,Pärnu maakond,0.0,0.0312
2020-04-24,27.0,1.0,28.0,2976.0,96.0,3072.0,,Pärnu maakond,0.0357,0.0312
2020-04-25,30.0,1.0,31.0,3006.0,97.0,3103.0,,Pärnu maakond,0.0323,0.0313
2020-04-26,32.0,1.0,33.0,3038.0,98.0,3136.0,,Pärnu maakond,0.0303,0.0312
2020-04-27,52.0,0.0,52.0,3090.0,98.0,3188.0,,Pärnu maakond,0.0,0.0307
2020-04-28,65.0,2.0,67.0,3155.0,100.0,3255.0,1.0,Pärnu maakond,0.0299,0.0307
2020-02-05,0.0,0.0,0.0,0.0,0.0,0.0,,Jõgeva maakond,,
2020-02-06,0.0,0.0,0.0,0.0,0.0,0.0,,Jõgeva maakond,,
2020-02-07,0.0,0.0,0.0,0.0,0.0,0.0,,Jõgeva maakond,,
2020-02-08,0.0,0.0,0.0,0.0,0.0,0.0,,Jõgeva maakond,,
2020-02-09,0.0,0.0,0.0,0.0,0.0,0.0,,Jõgeva maakond,,
2020-02-10,0.0,0.0,0.0,0.0,0.0,0.0,,Jõgeva maakond,,
2020-02-11,0.0,0.0,0.0,0.0,0.0,0.0,,Jõgeva maakond,,
2020-02-12,0.0,0.0,0.0,0.0,0.0,0.0,,Jõgeva maakond,,
2020-02-13,0.0,0.0,0.0,0.0,0.0,0.0,,Jõgeva maakond,,
2020-02-14,0.0,0.0,0.0,0.0,0.0,0.0,,Jõgeva maakond,,
2020-02-15,0.0,0.0,0.0,0.0,0.0,0.0,,Jõgeva maakond,,
2020-02-16,0.0,0.0,0.0,0.0,0.0,0.0,,Jõgeva maakond,,
2020-02-17,0.0,0.0,0.0,0.0,0.0,0.0,,Jõgeva maakond,,
2020-02-18,0.0,0.0,0.0,0.0,0.0,0.0,,Jõgeva maakond,,
2020-02-19,0.0,0.0,0.0,0.0,0.0,0.0,,Jõgeva maakond,,
2020-02-20,0.0,0.0,0.0,0.0,0.0,0.0,,Jõgeva maakond,,
2020-02-21,0.0,0.0,0.0,0.0,0.0,0.0,,Jõgeva maakond,,
2020-02-22,0.0,0.0,0.0,0.0,0.0,0.0,,Jõgeva maakond,,
2020-02-23,0.0,0.0,0.0,0.0,0.0,0.0,,Jõgeva maakond,,
2020-02-24,0.0,0.0,0.0,0.0,0.0,0.0,,Jõgeva maakond,,
2020-02-25,0.0,0.0,0.0,0.0,0.0,0.0,,Jõgeva maakond,,
2020-02-26,0.0,0.0,0.0,0.0,0.0,0.0,,Jõgeva maakond,,
2020-02-27,0.0,0.0,0.0,0.0,0.0,0.0,,Jõgeva maakond,,
2020-02-28,0.0,0.0,0.0,0.0,0.0,0.0,,Jõgeva maakond,,
2020-02-29,0.0,0.0,0.0,0.0,0.0,0.0,,Jõgeva maakond,,
2020-03-01,0.0,0.0,0.0,0.0,0.0,0.0,,Jõgeva maakond,,
2020-03-02,0.0,0.0,0.0,0.0,0.0,0.0,,Jõgeva maakond,,
2020-03-03,1.0,0.0,1.0,1.0,0.0,1.0,,Jõgeva maakond,0.0,0.0
2020-03-04,0.0,0.0,0.0,1.0,0.0,1.0,,Jõgeva maakond,,0.0
2020-03-05,0.0,0.0,0.0,1.0,0.0,1.0,,Jõgeva maakond,,0.0
2020-03-06,0.0,0.0,0.0,1.0,0.0,1.0,,Jõgeva maakond,,0.0
2020-03-07,2.0,0.0,2.0,3.0,0.0,3.0,,Jõgeva maakond,0.0,0.0
2020-03-08,0.0,0.0,0.0,3.0,0.0,3.0,,Jõgeva maakond,,0.0
2020-03-09,0.0,0.0,0.0,3.0,0.0,3.0,,Jõgeva maakond,,0.0
2020-03-10,0.0,0.0,0.0,3.0,0.0,3.0,,Jõgeva maakond,,0.0
2020-03-11,2.0,0.0,2.0,5.0,0.0,5.0,,Jõgeva maakond,0.0,0.0
2020-03-12,0.0,0.0,0.0,5.0,0.0,5.0,,Jõgeva maakond,,0.0
2020-03-13,0.0,0.0,0.0,5.0,0.0,5.0,,Jõgeva maakond,,0.0
2020-03-14,1.0,0.0,1.0,6.0,0.0,6.0,,Jõgeva maakond,0.0,0.0
2020-03-15,2.0,0.0,2.0,8.0,0.0,8.0,,Jõgeva maakond,0.0,0.0
2020-03-16,1.0,0.0,1.0,9.0,0.0,9.0,,Jõgeva maakond,0.0,0.0
2020-03-17,1.0,0.0,1.0,10.0,0.0,10.0,,Jõgeva maakond,0.0,0.0
2020-03-18,4.0,0.0,4.0,14.0,0.0,14.0,,Jõgeva maakond,0.0,0.0
2020-03-19,3.0,0.0,3.0,17.0,0.0,17.0,,Jõgeva maakond,0.0,0.0
2020-03-20,4.0,0.0,4.0,21.0,0.0,21.0,,Jõgeva maakond,0.0,0.0
2020-03-21,5.0,0.0,5.0,26.0,0.0,26.0,,Jõgeva maakond,0.0,0.0
2020-03-22,3.0,0.0,3.0,29.0,0.0,29.0,,Jõgeva maakond,0.0,0.0
2020-03-23,4.0,0.0,4.0,33.0,0.0,33.0,,Jõgeva maakond,0.0,0.0
2020-03-24,22.0,0.0,22.0,55.0,0.0,55.0,,Jõgeva maakond,0.0,0.0
2020-03-25,21.0,1.0,22.0,76.0,1.0,77.0,,Jõgeva maakond,0.0455,0.013
2020-03-26,8.0,1.0,9.0,84.0,2.0,86.0,,Jõgeva maakond,0.1111,0.0233
2020-03-27,23.0,1.0,24.0,107.0,3.0,110.0,,Jõgeva maakond,0.0417,0.0273
2020-03-28,11.0,0.0,11.0,118.0,3.0,121.0,,Jõgeva maakond,0.0,0.0248
2020-03-29,7.0,0.0,7.0,125.0,3.0,128.0,,Jõgeva maakond,0.0,0.0234
2020-03-30,14.0,0.0,14.0,139.0,3.0,142.0,,Jõgeva maakond,0.0,0.0211
2020-03-31,25.0,0.0,25.0,164.0,3.0,167.0,,Jõgeva maakond,0.0,0.018
2020-04-01,17.0,0.0,17.0,181.0,3.0,184.0,,Jõgeva maakond,0.0,0.0163
2020-04-02,29.0,0.0,29.0,210.0,3.0,213.0,,Jõgeva maakond,0.0,0.0141
2020-04-03,13.0,1.0,14.0,223.0,4.0,227.0,,Jõgeva maakond,0.0714,0.0176
2020-04-04,25.0,1.0,26.0,248.0,5.0,253.0,,Jõgeva maakond,0.0385,0.0198
2020-04-05,3.0,0.0,3.0,251.0,5.0,256.0,,Jõgeva maakond,0.0,0.0195
2020-04-06,85.0,0.0,85.0,336.0,5.0,341.0,,Jõgeva maakond,0.0,0.0147
2020-04-07,13.0,0.0,13.0,349.0,5.0,354.0,,Jõgeva maakond,0.0,0.0141
2020-04-08,19.0,0.0,19.0,368.0,5.0,373.0,,Jõgeva maakond,0.0,0.0134
2020-04-09,39.0,1.0,40.0,407.0,6.0,413.0,,Jõgeva maakond,0.025,0.0145
2020-04-10,113.0,0.0,113.0,520.0,6.0,526.0,,Jõgeva maakond,0.0,0.0114
2020-04-11,66.0,0.0,66.0,586.0,6.0,592.0,,Jõgeva maakond,0.0,0.0101
2020-04-12,14.0,0.0,14.0,600.0,6.0,606.0,,Jõgeva maakond,0.0,0.0099
2020-04-13,68.0,0.0,68.0,668.0,6.0,674.0,,Jõgeva maakond,0.0,0.0089
2020-04-14,103.0,0.0,103.0,771.0,6.0,777.0,,Jõgeva maakond,0.0,0.0077
2020-04-15,126.0,0.0,126.0,897.0,6.0,903.0,,Jõgeva maakond,0.0,0.0066
2020-04-16,38.0,0.0,38.0,935.0,6.0,941.0,,Jõgeva maakond,0.0,0.0064
2020-04-17,52.0,0.0,52.0,987.0,6.0,993.0,,Jõgeva maakond,0.0,0.006
2020-04-18,23.0,0.0,23.0,1010.0,6.0,1016.0,,Jõgeva maakond,0.0,0.0059
2020-04-19,19.0,0.0,19.0,1029.0,6.0,1035.0,,Jõgeva maakond,0.0,0.0058
2020-04-20,6.0,0.0,6.0,1035.0,6.0,1041.0,,Jõgeva maakond,0.0,0.0058
2020-04-21,34.0,0.0,34.0,1069.0,6.0,1075.0,,Jõgeva maakond,0.0,0.0056
2020-04-22,34.0,0.0,34.0,1103.0,6.0,1109.0,,Jõgeva maakond,0.0,0.0054
2020-04-23,11.0,0.0,11.0,1114.0,6.0,1120.0,,Jõgeva maakond,0.0,0.0054
2020-04-24,29.0,0.0,29.0,1143.0,6.0,1149.0,,Jõgeva maakond,0.0,0.0052
2020-04-25,8.0,0.0,8.0,1151.0,6.0,1157.0,,Jõgeva maakond,0.0,0.0052
2020-04-26,3.0,0.0,3.0,1154.0,6.0,1160.0,,Jõgeva maakond,0.0,0.0052
2020-04-27,41.0,0.0,41.0,1195.0,6.0,1201.0,,Jõgeva maakond,0.0,0.005
2020-04-28,33.0,0.0,33.0,1228.0,6.0,1234.0,1.0,Jõgeva maakond,0.0,0.0049
2020-02-05,0.0,0.0,0.0,0.0,0.0,0.0,,Lääne maakond,,
2020-02-06,0.0,0.0,0.0,0.0,0.0,0.0,,Lääne maakond,,
2020-02-07,0.0,0.0,0.0,0.0,0.0,0.0,,Lääne maakond,,
2020-02-08,0.0,0.0,0.0,0.0,0.0,0.0,,Lääne maakond,,
2020-02-09,0.0,0.0,0.0,0.0,0.0,0.0,,Lääne maakond,,
2020-02-10,0.0,0.0,0.0,0.0,0.0,0.0,,Lääne maakond,,
2020-02-11,0.0,0.0,0.0,0.0,0.0,0.0,,Lääne maakond,,
2020-02-12,0.0,0.0,0.0,0.0,0.0,0.0,,Lääne maakond,,
2020-02-13,0.0,0.0,0.0,0.0,0.0,0.0,,Lääne maakond,,
2020-02-14,0.0,0.0,0.0,0.0,0.0,0.0,,Lääne maakond,,
2020-02-15,0.0,0.0,0.0,0.0,0.0,0.0,,Lääne maakond,,
2020-02-16,0.0,0.0,0.0,0.0,0.0,0.0,,Lääne maakond,,
2020-02-17,0.0,0.0,0.0,0.0,0.0,0.0,,Lääne maakond,,
2020-02-18,0.0,0.0,0.0,0.0,0.0,0.0,,Lääne maakond,,
2020-02-19,0.0,0.0,0.0,0.0,0.0,0.0,,Lääne maakond,,
2020-02-20,0.0,0.0,0.0,0.0,0.0,0.0,,Lääne maakond,,
2020-02-21,0.0,0.0,0.0,0.0,0.0,0.0,,Lääne maakond,,
2020-02-22,0.0,0.0,0.0,0.0,0.0,0.0,,Lääne maakond,,
2020-02-23,0.0,0.0,0.0,0.0,0.0,0.0,,Lääne maakond,,
2020-02-24,0.0,0.0,0.0,0.0,0.0,0.0,,Lääne maakond,,
2020-02-25,0.0,0.0,0.0,0.0,0.0,0.0,,Lääne maakond,,
2020-02-26,0.0,0.0,0.0,0.0,0.0,0.0,,Lääne maakond,,
2020-02-27,0.0,0.0,0.0,0.0,0.0,0.0,,Lääne maakond,,
2020-02-28,0.0,0.0,0.0,0.0,0.0,0.0,,Lääne maakond,,
2020-02-29,0.0,0.0,0.0,0.0,0.0,0.0,,Lääne maakond,,
2020-03-01,0.0,0.0,0.0,0.0,0.0,0.0,,Lääne maakond,,
2020-03-02,0.0,0.0,0.0,0.0,0.0,0.0,,Lääne maakond,,
2020-03-03,0.0,0.0,0.0,0.0,0.0,0.0,,Lääne maakond,,
2020-03-04,0.0,0.0,0.0,0.0,0.0,0.0,,Lääne maakond,,
2020-03-05,0.0,0.0,0.0,0.0,0.0,0.0,,Lääne maakond,,
2020-03-06,2.0,0.0,2.0,2.0,0.0,2.0,,Lääne maakond,0.0,0.0
2020-03-07,0.0,0.0,0.0,2.0,0.0,2.0,,Lääne maakond,,0.0
2020-03-08,0.0,0.0,0.0,2.0,0.0,2.0,,Lääne maakond,,0.0
2020-03-09,0.0,0.0,0.0,2.0,0.0,2.0,,Lääne maakond,,0.0
2020-03-10,0.0,0.0,0.0,2.0,0.0,2.0,,Lääne maakond,,0.0
2020-03-11,3.0,0.0,3.0,5.0,0.0,5.0,,Lääne maakond,0.0,0.0
2020-03-12,1.0,0.0,1.0,6.0,0.0,6.0,,Lääne maakond,0.0,0.0
2020-03-13,2.0,0.0,2.0,8.0,0.0,8.0,,Lääne maakond,0.0,0.0
2020-03-14,0.0,0.0,0.0,8.0,0.0,8.0,,Lääne maakond,,0.0
2020-03-15,5.0,0.0,5.0,13.0,0.0,13.0,,Lääne maakond,0.0,0.0
2020-03-16,0.0,0.0,0.0,13.0,0.0,13.0,,Lääne maakond,,0.0
2020-03-17,1.0,2.0,3.0,14.0,2.0,16.0,,Lääne maakond,0.6667,0.125
2020-03-18,4.0,0.0,4.0,18.0,2.0,20.0,,Lääne maakond,0.0,0.1
2020-03-19,1.0,0.0,1.0,19.0,2.0,21.0,,Lääne maakond,0.0,0.0952
2020-03-20,4.0,0.0,4.0,23.0,2.0,25.0,,Lääne maakond,0.0,0.08
2020-03-21,2.0,0.0,2.0,25.0,2.0,27.0,,Lääne maakond,0.0,0.0741
2020-03-22,3.0,0.0,3.0,28.0,2.0,30.0,,Lääne maakond,0.0,0.0667
2020-03-23,8.0,0.0,8.0,36.0,2.0,38.0,,Lääne maakond,0.0,0.0526
2020-03-24,10.0,0.0,10.0,46.0,2.0,48.0,,Lääne maakond,0.0,0.0417
2020-03-25,11.0,0.0,11.0,57.0,2.0,59.0,,Lääne maakond,0.0,0.0339
2020-03-26,5.0,0.0,5.0,62.0,2.0,64.0,,Lääne maakond,0.0,0.0312
2020-03-27,22.0,0.0,22.0,84.0,2.0,86.0,,Lääne maakond,0.0,0.0233
2020-03-28,7.0,0.0,7.0,91.0,2.0,93.0,,Lääne maakond,0.0,0.0215
2020-03-29,4.0,0.0,4.0,95.0,2.0,97.0,,Lääne maakond,0.0,0.0206
2020-03-30,16.0,0.0,16.0,111.0,2.0,113.0,,Lääne maakond,0.0,0.0177
2020-03-31,15.0,0.0,15.0,126.0,2.0,128.0,,Lääne maakond,0.0,0.0156
2020-04-01,10.0,2.0,12.0,136.0,4.0,140.0,,Lääne maakond,0.1667,0.0286
2020-04-02,32.0,0.0,32.0,168.0,4.0,172.0,,Lääne maakond,0.0,0.0233
2020-04-03,14.0,0.0,14.0,182.0,4.0,186.0,,Lääne maakond,0.0,0.0215
2020-04-04,8.0,0.0,8.0,190.0,4.0,194.0,,Lääne maakond,0.0,0.0206
2020-04-05,6.0,0.0,6.0,196.0,4.0,200.0,,Lääne maakond,0.0,0.02
2020-04-06,12.0,0.0,12.0,208.0,4.0,212.0,,Lääne maakond,0.0,0.0189
2020-04-07,22.0,0.0,22.0,230.0,4.0,234.0,,Lääne maakond,0.0,0.0171
2020-04-08,63.0,0.0,63.0,293.0,4.0,297.0,,Lääne maakond,0.0,0.0135
2020-04-09,14.0,0.0,14.0,307.0,4.0,311.0,,Lääne maakond,0.0,0.0129
2020-04-10,32.0,0.0,32.0,339.0,4.0,343.0,,Lääne maakond,0.0,0.0117
2020-04-11,10.0,0.0,10.0,349.0,4.0,353.0,,Lääne maakond,0.0,0.0113
2020-04-12,0.0,0.0,0.0,349.0,4.0,353.0,,Lääne maakond,,0.0113
2020-04-13,40.0,0.0,40.0,389.0,4.0,393.0,,Lääne maakond,0.0,0.0102
2020-04-14,13.0,0.0,13.0,402.0,4.0,406.0,,Lääne maakond,0.0,0.0099
2020-04-15,32.0,0.0,32.0,434.0,4.0,438.0,,Lääne maakond,0.0,0.0091
2020-04-16,16.0,0.0,16.0,450.0,4.0,454.0,,Lääne maakond,0.0,0.0088
2020-04-17,81.0,0.0,81.0,531.0,4.0,535.0,,Lääne maakond,0.0,0.0075
2020-04-18,3.0,0.0,3.0,534.0,4.0,538.0,,Lääne maakond,0.0,0.0074
2020-04-19,10.0,0.0,10.0,544.0,4.0,548.0,,Lääne maakond,0.0,0.0073
2020-04-20,29.0,0.0,29.0,573.0,4.0,577.0,,Lääne maakond,0.0,0.0069
2020-04-21,13.0,0.0,13.0,586.0,4.0,590.0,,Lääne maakond,0.0,0.0068
2020-04-22,49.0,0.0,49.0,635.0,4.0,639.0,,Lääne maakond,0.0,0.0063
2020-04-23,12.0,0.0,12.0,647.0,4.0,651.0,,Lääne maakond,0.0,0.0061
2020-04-24,47.0,0.0,47.0,694.0,4.0,698.0,,Lääne maakond,0.0,0.0057
2020-04-25,3.0,0.0,3.0,697.0,4.0,701.0,,Lääne maakond,0.0,0.0057
2020-04-26,13.0,0.0,13.0,710.0,4.0,714.0,,Lääne maakond,0.0,0.0056
2020-04-27,57.0,0.0,57.0,767.0,4.0,771.0,,Lääne maakond,0.0,0.0052
2020-04-28,16.0,0.0,16.0,783.0,4.0,787.0,1.0,Lääne maakond,0.0,0.0051
2020-02-05,0.0,0.0,0.0,0.0,0.0,0.0,,Saare maakond,,
2020-02-06,0.0,0.0,0.0,0.0,0.0,0.0,,Saare maakond,,
2020-02-07,0.0,0.0,0.0,0.0,0.0,0.0,,Saare maakond,,
2020-02-08,0.0,0.0,0.0,0.0,0.0,0.0,,Saare maakond,,
2020-02-09,0.0,0.0,0.0,0.0,0.0,0.0,,Saare maakond,,
2020-02-10,0.0,0.0,0.0,0.0,0.0,0.0,,Saare maakond,,
2020-02-11,0.0,0.0,0.0,0.0,0.0,0.0,,Saare maakond,,
2020-02-12,0.0,0.0,0.0,0.0,0.0,0.0,,Saare maakond,,
2020-02-13,0.0,0.0,0.0,0.0,0.0,0.0,,Saare maakond,,
2020-02-14,0.0,0.0,0.0,0.0,0.0,0.0,,Saare maakond,,
2020-02-15,0.0,0.0,0.0,0.0,0.0,0.0,,Saare maakond,,
2020-02-16,0.0,0.0,0.0,0.0,0.0,0.0,,Saare maakond,,
2020-02-17,0.0,0.0,0.0,0.0,0.0,0.0,,Saare maakond,,
2020-02-18,0.0,0.0,0.0,0.0,0.0,0.0,,Saare maakond,,
2020-02-19,0.0,0.0,0.0,0.0,0.0,0.0,,Saare maakond,,
2020-02-20,0.0,0.0,0.0,0.0,0.0,0.0,,Saare maakond,,
2020-02-21,0.0,0.0,0.0,0.0,0.0,0.0,,Saare maakond,,
2020-02-22,0.0,0.0,0.0,0.0,0.0,0.0,,Saare maakond,,
2020-02-23,0.0,0.0,0.0,0.0,0.0,0.0,,Saare maakond,,
2020-02-24,0.0,0.0,0.0,0.0,0.0,0.0,,Saare maakond,,
2020-02-25,0.0,0.0,0.0,0.0,0.0,0.0,,Saare maakond,,
2020-02-26,0.0,0.0,0.0,0.0,0.0,0.0,,Saare maakond,,
2020-02-27,0.0,0.0,0.0,0.0,0.0,0.0,,Saare maakond,,
2020-02-28,0.0,0.0,0.0,0.0,0.0,0.0,,Saare maakond,,
2020-02-29,0.0,0.0,0.0,0.0,0.0,0.0,,Saare maakond,,
2020-03-01,0.0,0.0,0.0,0.0,0.0,0.0,,Saare maakond,,
2020-03-02,0.0,0.0,0.0,0.0,0.0,0.0,,Saare maakond,,
2020-03-03,0.0,0.0,0.0,0.0,0.0,0.0,,Saare maakond,,
2020-03-04,1.0,0.0,1.0,1.0,0.0,1.0,,Saare maakond,0.0,0.0
2020-03-05,0.0,1.0,1.0,1.0,1.0,2.0,,Saare maakond,1.0,0.5
2020-03-06,0.0,0.0,0.0,1.0,1.0,2.0,,Saare maakond,,0.5
2020-03-07,0.0,0.0,0.0,1.0,1.0,2.0,,Saare maakond,,0.5
2020-03-08,0.0,0.0,0.0,1.0,1.0,2.0,,Saare maakond,,0.5
2020-03-09,2.0,0.0,2.0,3.0,1.0,4.0,,Saare maakond,0.0,0.25
2020-03-10,2.0,2.0,4.0,5.0,3.0,8.0,,Saare maakond,0.5,0.375
2020-03-11,2.0,0.0,2.0,7.0,3.0,10.0,,Saare maakond,0.0,0.3
2020-03-12,26.0,14.0,40.0,33.0,17.0,50.0,,Saare maakond,0.35,0.34
2020-03-13,12.0,9.0,21.0,45.0,26.0,71.0,,Saare maakond,0.4286,0.3662
2020-03-14,6.0,1.0,7.0,51.0,27.0,78.0,,Saare maakond,0.1429,0.3462
2020-03-15,123.0,29.0,152.0,174.0,56.0,230.0,,Saare maakond,0.1908,0.2435
2020-03-16,58.0,8.0,66.0,232.0,64.0,296.0,,Saare maakond,0.1212,0.2162
2020-03-17,30.0,11.0,41.0,262.0,75.0,337.0,,Saare maakond,0.2683,0.2226
2020-03-18,45.0,7.0,52.0,307.0,82.0,389.0,,Saare maakond,0.1346,0.2108
2020-03-19,35.0,15.0,50.0,342.0,97.0,439.0,,Saare maakond,0.3,0.221
2020-03-20,13.0,2.0,15.0,355.0,99.0,454.0,,Saare maakond,0.1333,0.2181
2020-03-21,58.0,15.0,73.0,413.0,114.0,527.0,,Saare maakond,0.2055,0.2163
2020-03-22,17.0,3.0,20.0,430.0,117.0,547.0,,Saare maakond,0.15,0.2139
2020-03-23,15.0,2.0,17.0,445.0,119.0,564.0,,Saare maakond,0.1176,0.211
2020-03-24,81.0,27.0,108.0,526.0,146.0,672.0,,Saare maakond,0.25,0.2173
2020-03-25,64.0,24.0,88.0,590.0,170.0,760.0,,Saare maakond,0.2727,0.2237
2020-03-26,59.0,13.0,72.0,649.0,183.0,832.0,,Saare maakond,0.1806,0.22
2020-03-27,35.0,34.0,69.0,684.0,217.0,901.0,,Saare maakond,0.4928,0.2408
2020-03-28,212.0,24.0,236.0,896.0,241.0,1137.0,,Saare maakond,0.1017,0.212
2020-03-29,205.0,14.0,219.0,1101.0,255.0,1356.0,,Saare maakond,0.0639,0.1881
2020-03-30,18.0,6.0,24.0,1119.0,261.0,1380.0,,Saare maakond,0.25,0.1891
2020-03-31,118.0,22.0,140.0,1237.0,283.0,1520.0,,Saare maakond,0.1571,0.1862
2020-04-01,100.0,30.0,130.0,1337.0,313.0,1650.0,,Saare maakond,0.2308,0.1897
2020-04-02,457.0,43.0,500.0,1794.0,356.0,2150.0,,Saare maakond,0.086,0.1656
2020-04-03,50.0,38.0,88.0,1844.0,394.0,2238.0,,Saare maakond,0.4318,0.1761
2020-04-04,75.0,23.0,98.0,1919.0,417.0,2336.0,,Saare maakond,0.2347,0.1785
2020-04-05,28.0,3.0,31.0,1947.0,420.0,2367.0,,Saare maakond,0.0968,0.1774
2020-04-06,89.0,13.0,102.0,2036.0,433.0,2469.0,,Saare maakond,0.1275,0.1754
2020-04-07,14.0,2.0,16.0,2050.0,435.0,2485.0,,Saare maakond,0.125,0.1751
2020-04-08,49.0,10.0,59.0,2099.0,445.0,2544.0,,Saare maakond,0.1695,0.1749
2020-04-09,89.0,8.0,97.0,2188.0,453.0,2641.0,,Saare maakond,0.0825,0.1715
2020-04-10,64.0,25.0,89.0,2252.0,478.0,2730.0,,Saare maakond,0.2809,0.1751
2020-04-11,2.0,0.0,2.0,2254.0,478.0,2732.0,,Saare maakond,0.0,0.175
2020-04-12,31.0,9.0,40.0,2285.0,487.0,2772.0,,Saare maakond,0.225,0.1757
2020-04-13,12.0,6.0,18.0,2297.0,493.0,2790.0,,Saare maakond,0.3333,0.1767
2020-04-14,67.0,8.0,75.0,2364.0,501.0,2865.0,,Saare maakond,0.1067,0.1749
2020-04-15,77.0,6.0,83.0,2441.0,507.0,2948.0,,Saare maakond,0.0723,0.172
2020-04-16,45.0,6.0,51.0,2486.0,513.0,2999.0,,Saare maakond,0.1176,0.1711
2020-04-17,69.0,4.0,73.0,2555.0,517.0,3072.0,,Saare maakond,0.0548,0.1683
2020-04-18,4.0,2.0,6.0,2559.0,519.0,3078.0,,Saare maakond,0.3333,0.1686
2020-04-19,4.0,0.0,4.0,2563.0,519.0,3082.0,,Saare maakond,0.0,0.1684
2020-04-20,10.0,1.0,11.0,2573.0,520.0,3093.0,,Saare maakond,0.0909,0.1681
2020-04-21,50.0,1.0,51.0,2623.0,521.0,3144.0,,Saare maakond,0.0196,0.1657
2020-04-22,20.0,12.0,32.0,2643.0,533.0,3176.0,,Saare maakond,0.375,0.1678
2020-04-23,15.0,3.0,18.0,2658.0,536.0,3194.0,,Saare maakond,0.1667,0.1678
2020-04-24,41.0,4.0,45.0,2699.0,540.0,3239.0,,Saare maakond,0.0889,0.1667
2020-04-25,57.0,1.0,58.0,2756.0,541.0,3297.0,,Saare maakond,0.0172,0.1641
2020-04-26,1.0,0.0,1.0,2757.0,541.0,3298.0,,Saare maakond,0.0,0.164
2020-04-27,15.0,0.0,15.0,2772.0,541.0,3313.0,,Saare maakond,0.0,0.1633
2020-04-28,79.0,1.0,80.0,2851.0,542.0,3393.0,1.0,Saare maakond,0.0125,0.1597
2020-02-05,0.0,0.0,0.0,0.0,0.0,0.0,,Lääne-Viru maakond,,
2020-02-06,0.0,0.0,0.0,0.0,0.0,0.0,,Lääne-Viru maakond,,
2020-02-07,0.0,0.0,0.0,0.0,0.0,0.0,,Lääne-Viru maakond,,
2020-02-08,0.0,0.0,0.0,0.0,0.0,0.0,,Lääne-Viru maakond,,
2020-02-09,0.0,0.0,0.0,0.0,0.0,0.0,,Lääne-Viru maakond,,
2020-02-10,0.0,0.0,0.0,0.0,0.0,0.0,,Lääne-Viru maakond,,
2020-02-11,0.0,0.0,0.0,0.0,0.0,0.0,,Lääne-Viru maakond,,
2020-02-12,0.0,0.0,0.0,0.0,0.0,0.0,,Lääne-Viru maakond,,
2020-02-13,0.0,0.0,0.0,0.0,0.0,0.0,,Lääne-Viru maakond,,
2020-02-14,0.0,0.0,0.0,0.0,0.0,0.0,,Lääne-Viru maakond,,
2020-02-15,0.0,0.0,0.0,0.0,0.0,0.0,,Lääne-Viru maakond,,
2020-02-16,0.0,0.0,0.0,0.0,0.0,0.0,,Lääne-Viru maakond,,
2020-02-17,0.0,0.0,0.0,0.0,0.0,0.0,,Lääne-Viru maakond,,
2020-02-18,0.0,0.0,0.0,0.0,0.0,0.0,,Lääne-Viru maakond,,
2020-02-19,0.0,0.0,0.0,0.0,0.0,0.0,,Lääne-Viru maakond,,
2020-02-20,0.0,0.0,0.0,0.0,0.0,0.0,,Lääne-Viru maakond,,
2020-02-21,0.0,0.0,0.0,0.0,0.0,0.0,,Lääne-Viru maakond,,
2020-02-22,0.0,0.0,0.0,0.0,0.0,0.0,,Lääne-Viru maakond,,
2020-02-23,0.0,0.0,0.0,0.0,0.0,0.0,,Lääne-Viru maakond,,
2020-02-24,0.0,0.0,0.0,0.0,0.0,0.0,,Lääne-Viru maakond,,
2020-02-25,0.0,0.0,0.0,0.0,0.0,0.0,,Lääne-Viru maakond,,
2020-02-26,0.0,0.0,0.0,0.0,0.0,0.0,,Lääne-Viru maakond,,
2020-02-27,0.0,0.0,0.0,0.0,0.0,0.0,,Lääne-Viru maakond,,
2020-02-28,0.0,0.0,0.0,0.0,0.0,0.0,,Lääne-Viru maakond,,
2020-02-29,0.0,0.0,0.0,0.0,0.0,0.0,,Lääne-Viru maakond,,
2020-03-01,0.0,0.0,0.0,0.0,0.0,0.0,,Lääne-Viru maakond,,
2020-03-02,0.0,0.0,0.0,0.0,0.0,0.0,,Lääne-Viru maakond,,
2020-03-03,0.0,0.0,0.0,0.0,0.0,0.0,,Lääne-Viru maakond,,
2020-03-04,0.0,0.0,0.0,0.0,0.0,0.0,,Lääne-Viru maakond,,
2020-03-05,2.0,0.0,2.0,2.0,0.0,2.0,,Lääne-Viru maakond,0.0,0.0
2020-03-06,1.0,0.0,1.0,3.0,0.0,3.0,,Lääne-Viru maakond,0.0,0.0
2020-03-07,1.0,0.0,1.0,4.0,0.0,4.0,,Lääne-Viru maakond,0.0,0.0
2020-03-08,0.0,0.0,0.0,4.0,0.0,4.0,,Lääne-Viru maakond,,0.0
2020-03-09,0.0,0.0,0.0,4.0,0.0,4.0,,Lääne-Viru maakond,,0.0
2020-03-10,0.0,0.0,0.0,4.0,0.0,4.0,,Lääne-Viru maakond,,0.0
2020-03-11,0.0,0.0,0.0,4.0,0.0,4.0,,Lääne-Viru maakond,,0.0
2020-03-12,0.0,0.0,0.0,4.0,0.0,4.0,,Lääne-Viru maakond,,0.0
2020-03-13,1.0,0.0,1.0,5.0,0.0,5.0,,Lääne-Viru maakond,0.0,0.0
2020-03-14,2.0,0.0,2.0,7.0,0.0,7.0,,Lääne-Viru maakond,0.0,0.0
2020-03-15,1.0,0.0,1.0,8.0,0.0,8.0,,Lääne-Viru maakond,0.0,0.0
2020-03-16,8.0,1.0,9.0,16.0,1.0,17.0,,Lääne-Viru maakond,0.1111,0.0588
2020-03-17,0.0,0.0,0.0,16.0,1.0,17.0,,Lääne-Viru maakond,,0.0588
2020-03-18,4.0,0.0,4.0,20.0,1.0,21.0,,Lääne-Viru maakond,0.0,0.0476
2020-03-19,7.0,0.0,7.0,27.0,1.0,28.0,,Lääne-Viru maakond,0.0,0.0357
2020-03-20,6.0,0.0,6.0,33.0,1.0,34.0,,Lääne-Viru maakond,0.0,0.0294
2020-03-21,12.0,0.0,12.0,45.0,1.0,46.0,,Lääne-Viru maakond,0.0,0.0217
2020-03-22,0.0,0.0,0.0,45.0,1.0,46.0,,Lääne-Viru maakond,,0.0217
2020-03-23,7.0,0.0,7.0,52.0,1.0,53.0,,Lääne-Viru maakond,0.0,0.0189
2020-03-24,27.0,1.0,28.0,79.0,2.0,81.0,,Lääne-Viru maakond,0.0357,0.0247
2020-03-25,42.0,0.0,42.0,121.0,2.0,123.0,,Lääne-Viru maakond,0.0,0.0163
2020-03-26,42.0,0.0,42.0,163.0,2.0,165.0,,Lääne-Viru maakond,0.0,0.0121
2020-03-27,41.0,4.0,45.0,204.0,6.0,210.0,,Lääne-Viru maakond,0.0889,0.0286
2020-03-28,14.0,0.0,14.0,218.0,6.0,224.0,,Lääne-Viru maakond,0.0,0.0268
2020-03-29,19.0,0.0,19.0,237.0,6.0,243.0,,Lääne-Viru maakond,0.0,0.0247
2020-03-30,39.0,1.0,40.0,276.0,7.0,283.0,,Lääne-Viru maakond,0.025,0.0247
2020-03-31,64.0,3.0,67.0,340.0,10.0,350.0,,Lääne-Viru maakond,0.0448,0.0286
2020-04-01,52.0,0.0,52.0,392.0,10.0,402.0,,Lääne-Viru maakond,0.0,0.0249
2020-04-02,74.0,2.0,76.0,466.0,12.0,478.0,,Lääne-Viru maakond,0.0263,0.0251
2020-04-03,42.0,1.0,43.0,508.0,13.0,521.0,,Lääne-Viru maakond,0.0233,0.025
2020-04-04,30.0,0.0,30.0,538.0,13.0,551.0,,Lääne-Viru maakond,0.0,0.0236
2020-04-05,19.0,0.0,19.0,557.0,13.0,570.0,,Lääne-Viru maakond,0.0,0.0228
2020-04-06,57.0,2.0,59.0,614.0,15.0,629.0,,Lääne-Viru maakond,0.0339,0.0238
2020-04-07,35.0,0.0,35.0,649.0,15.0,664.0,,Lääne-Viru maakond,0.0,0.0226
2020-04-08,99.0,0.0,99.0,748.0,15.0,763.0,,Lääne-Viru maakond,0.0,0.0197
2020-04-09,65.0,0.0,65.0,813.0,15.0,828.0,,Lääne-Viru maakond,0.0,0.0181
2020-04-10,49.0,0.0,49.0,862.0,15.0,877.0,,Lääne-Viru maakond,0.0,0.0171
2020-04-11,15.0,0.0,15.0,877.0,15.0,892.0,,Lääne-Viru maakond,0.0,0.0168
2020-04-12,24.0,0.0,24.0,901.0,15.0,916.0,,Lääne-Viru maakond,0.0,0.0164
2020-04-13,60.0,0.0,60.0,961.0,15.0,976.0,,Lääne-Viru maakond,0.0,0.0154
2020-04-14,37.0,0.0,37.0,998.0,15.0,1013.0,,Lääne-Viru maakond,0.0,0.0148
2020-04-15,35.0,0.0,35.0,1033.0,15.0,1048.0,,Lääne-Viru maakond,0.0,0.0143
2020-04-16,58.0,0.0,58.0,1091.0,15.0,1106.0,,Lääne-Viru maakond,0.0,0.0136
2020-04-17,69.0,0.0,69.0,1160.0,15.0,1175.0,,Lääne-Viru maakond,0.0,0.0128
2020-04-18,55.0,0.0,55.0,1215.0,15.0,1230.0,,Lääne-Viru maakond,0.0,0.0122
2020-04-19,26.0,0.0,26.0,1241.0,15.0,1256.0,,Lääne-Viru maakond,0.0,0.0119
2020-04-20,65.0,0.0,65.0,1306.0,15.0,1321.0,,Lääne-Viru maakond,0.0,0.0114
2020-04-21,58.0,0.0,58.0,1364.0,15.0,1379.0,,Lääne-Viru maakond,0.0,0.0109
2020-04-22,77.0,1.0,78.0,1441.0,16.0,1457.0,,Lääne-Viru maakond,0.0128,0.011
2020-04-23,21.0,1.0,22.0,1462.0,17.0,1479.0,,Lääne-Viru maakond,0.0455,0.0115
2020-04-24,48.0,0.0,48.0,1510.0,17.0,1527.0,,Lääne-Viru maakond,0.0,0.0111
2020-04-25,31.0,0.0,31.0,1541.0,17.0,1558.0,,Lääne-Viru maakond,0.0,0.0109
2020-04-26,14.0,0.0,14.0,1555.0,17.0,1572.0,,Lääne-Viru maakond,0.0,0.0108
2020-04-27,37.0,0.0,37.0,1592.0,17.0,1609.0,,Lääne-Viru maakond,0.0,0.0106
2020-04-28,90.0,0.0,90.0,1682.0,17.0,1699.0,1.0,Lääne-Viru maakond,0.0,0.01
2020-02-05,0.0,0.0,0.0,0.0,0.0,0.0,,Põlva maakond,,
2020-02-06,0.0,0.0,0.0,0.0,0.0,0.0,,Põlva maakond,,
2020-02-07,0.0,0.0,0.0,0.0,0.0,0.0,,Põlva maakond,,
2020-02-08,0.0,0.0,0.0,0.0,0.0,0.0,,Põlva maakond,,
2020-02-09,0.0,0.0,0.0,0.0,0.0,0.0,,Põlva maakond,,
2020-02-10,0.0,0.0,0.0,0.0,0.0,0.0,,Põlva maakond,,
2020-02-11,0.0,0.0,0.0,0.0,0.0,0.0,,Põlva maakond,,
2020-02-12,0.0,0.0,0.0,0.0,0.0,0.0,,Põlva maakond,,
2020-02-13,0.0,0.0,0.0,0.0,0.0,0.0,,Põlva maakond,,
2020-02-14,0.0,0.0,0.0,0.0,0.0,0.0,,Põlva maakond,,
2020-02-15,0.0,0.0,0.0,0.0,0.0,0.0,,Põlva maakond,,
2020-02-16,0.0,0.0,0.0,0.0,0.0,0.0,,Põlva maakond,,
2020-02-17,0.0,0.0,0.0,0.0,0.0,0.0,,Põlva maakond,,
2020-02-18,0.0,0.0,0.0,0.0,0.0,0.0,,Põlva maakond,,
2020-02-19,0.0,0.0,0.0,0.0,0.0,0.0,,Põlva maakond,,
2020-02-20,0.0,0.0,0.0,0.0,0.0,0.0,,Põlva maakond,,
2020-02-21,0.0,0.0,0.0,0.0,0.0,0.0,,Põlva maakond,,
2020-02-22,0.0,0.0,0.0,0.0,0.0,0.0,,Põlva maakond,,
2020-02-23,0.0,0.0,0.0,0.0,0.0,0.0,,Põlva maakond,,
2020-02-24,0.0,0.0,0.0,0.0,0.0,0.0,,Põlva maakond,,
2020-02-25,0.0,0.0,0.0,0.0,0.0,0.0,,Põlva maakond,,
2020-02-26,0.0,0.0,0.0,0.0,0.0,0.0,,Põlva maakond,,
2020-02-27,0.0,0.0,0.0,0.0,0.0,0.0,,Põlva maakond,,
2020-02-28,0.0,0.0,0.0,0.0,0.0,0.0,,Põlva maakond,,
2020-02-29,0.0,0.0,0.0,0.0,0.0,0.0,,Põlva maakond,,
2020-03-01,0.0,0.0,0.0,0.0,0.0,0.0,,Põlva maakond,,
2020-03-02,0.0,0.0,0.0,0.0,0.0,0.0,,Põlva maakond,,
2020-03-03,0.0,0.0,0.0,0.0,0.0,0.0,,Põlva maakond,,
2020-03-04,0.0,0.0,0.0,0.0,0.0,0.0,,Põlva maakond,,
2020-03-05,0.0,0.0,0.0,0.0,0.0,0.0,,Põlva maakond,,
2020-03-06,0.0,0.0,0.0,0.0,0.0,0.0,,Põlva maakond,,
2020-03-07,0.0,0.0,0.0,0.0,0.0,0.0,,Põlva maakond,,
2020-03-08,0.0,0.0,0.0,0.0,0.0,0.0,,Põlva maakond,,
2020-03-09,0.0,0.0,0.0,0.0,0.0,0.0,,Põlva maakond,,
2020-03-10,0.0,0.0,0.0,0.0,0.0,0.0,,Põlva maakond,,
2020-03-11,0.0,0.0,0.0,0.0,0.0,0.0,,Põlva maakond,,
2020-03-12,0.0,1.0,1.0,0.0,1.0,1.0,,Põlva maakond,1.0,1.0
2020-03-13,0.0,1.0,1.0,0.0,2.0,2.0,,Põlva maakond,1.0,1.0
2020-03-14,0.0,1.0,1.0,0.0,3.0,3.0,,Põlva maakond,1.0,1.0
2020-03-15,0.0,0.0,0.0,0.0,3.0,3.0,,Põlva maakond,,1.0
2020-03-16,2.0,0.0,2.0,2.0,3.0,5.0,,Põlva maakond,0.0,0.6
2020-03-17,4.0,0.0,4.0,6.0,3.0,9.0,,Põlva maakond,0.0,0.3333
2020-03-18,7.0,0.0,7.0,13.0,3.0,16.0,,Põlva maakond,0.0,0.1875
2020-03-19,1.0,0.0,1.0,14.0,3.0,17.0,,Põlva maakond,0.0,0.1765
2020-03-20,6.0,0.0,6.0,20.0,3.0,23.0,,Põlva maakond,0.0,0.1304
2020-03-21,15.0,0.0,15.0,35.0,3.0,38.0,,Põlva maakond,0.0,0.0789
2020-03-22,3.0,0.0,3.0,38.0,3.0,41.0,,Põlva maakond,0.0,0.0732
2020-03-23,3.0,1.0,4.0,41.0,4.0,45.0,,Põlva maakond,0.25,0.0889
2020-03-24,16.0,0.0,16.0,57.0,4.0,61.0,,Põlva maakond,0.0,0.0656
2020-03-25,21.0,0.0,21.0,78.0,4.0,82.0,,Põlva maakond,0.0,0.0488
2020-03-26,8.0,0.0,8.0,86.0,4.0,90.0,,Põlva maakond,0.0,0.0444
2020-03-27,19.0,0.0,19.0,105.0,4.0,109.0,,Põlva maakond,0.0,0.0367
2020-03-28,10.0,0.0,10.0,115.0,4.0,119.0,,Põlva maakond,0.0,0.0336
2020-03-29,1.0,0.0,1.0,116.0,4.0,120.0,,Põlva maakond,0.0,0.0333
2020-03-30,13.0,0.0,13.0,129.0,4.0,133.0,,Põlva maakond,0.0,0.0301
2020-03-31,26.0,0.0,26.0,155.0,4.0,159.0,,Põlva maakond,0.0,0.0252
2020-04-01,7.0,0.0,7.0,162.0,4.0,166.0,,Põlva maakond,0.0,0.0241
2020-04-02,42.0,1.0,43.0,204.0,5.0,209.0,,Põlva maakond,0.0233,0.0239
2020-04-03,10.0,0.0,10.0,214.0,5.0,219.0,,Põlva maakond,0.0,0.0228
2020-04-04,17.0,0.0,17.0,231.0,5.0,236.0,,Põlva maakond,0.0,0.0212
2020-04-05,10.0,0.0,10.0,241.0,5.0,246.0,,Põlva maakond,0.0,0.0203
2020-04-06,49.0,0.0,49.0,290.0,5.0,295.0,,Põlva maakond,0.0,0.0169
2020-04-07,73.0,0.0,73.0,363.0,5.0,368.0,,Põlva maakond,0.0,0.0136
2020-04-08,38.0,1.0,39.0,401.0,6.0,407.0,,Põlva maakond,0.0256,0.0147
2020-04-09,18.0,0.0,18.0,419.0,6.0,425.0,,Põlva maakond,0.0,0.0141
2020-04-10,28.0,0.0,28.0,447.0,6.0,453.0,,Põlva maakond,0.0,0.0132
2020-04-11,22.0,0.0,22.0,469.0,6.0,475.0,,Põlva maakond,0.0,0.0126
2020-04-12,5.0,0.0,5.0,474.0,6.0,480.0,,Põlva maakond,0.0,0.0125
2020-04-13,21.0,1.0,22.0,495.0,7.0,502.0,,Põlva maakond,0.0455,0.0139
2020-04-14,58.0,0.0,58.0,553.0,7.0,560.0,,Põlva maakond,0.0,0.0125
2020-04-15,149.0,0.0,149.0,702.0,7.0,709.0,,Põlva maakond,0.0,0.0099
2020-04-16,119.0,0.0,119.0,821.0,7.0,828.0,,Põlva maakond,0.0,0.0085
2020-04-17,19.0,0.0,19.0,840.0,7.0,847.0,,Põlva maakond,0.0,0.0083
2020-04-18,5.0,0.0,5.0,845.0,7.0,852.0,,Põlva maakond,0.0,0.0082
2020-04-19,1.0,0.0,1.0,846.0,7.0,853.0,,Põlva maakond,0.0,0.0082
2020-04-20,13.0,0.0,13.0,859.0,7.0,866.0,,Põlva maakond,0.0,0.0081
2020-04-21,21.0,0.0,21.0,880.0,7.0,887.0,,Põlva maakond,0.0,0.0079
2020-04-22,16.0,0.0,16.0,896.0,7.0,903.0,,Põlva maakond,0.0,0.0078
2020-04-23,13.0,0.0,13.0,909.0,7.0,916.0,,Põlva maakond,0.0,0.0076
2020-04-24,11.0,0.0,11.0,920.0,7.0,927.0,,Põlva maakond,0.0,0.0076
2020-04-25,4.0,0.0,4.0,924.0,7.0,931.0,,Põlva maakond,0.0,0.0075
2020-04-26,9.0,0.0,9.0,933.0,7.0,940.0,,Põlva maakond,0.0,0.0074
2020-04-27,17.0,0.0,17.0,950.0,7.0,957.0,,Põlva maakond,0.0,0.0073
2020-04-28,45.0,0.0,45.0,995.0,7.0,1002.0,1.0,Põlva maakond,0.0,0.007
2020-02-05,0.0,0.0,0.0,0.0,0.0,0.0,,Ida-Viru maakond,,
2020-02-06,0.0,0.0,0.0,0.0,0.0,0.0,,Ida-Viru maakond,,
2020-02-07,0.0,0.0,0.0,0.0,0.0,0.0,,Ida-Viru maakond,,
2020-02-08,0.0,0.0,0.0,0.0,0.0,0.0,,Ida-Viru maakond,,
2020-02-09,0.0,0.0,0.0,0.0,0.0,0.0,,Ida-Viru maakond,,
2020-02-10,0.0,0.0,0.0,0.0,0.0,0.0,,Ida-Viru maakond,,
2020-02-11,0.0,0.0,0.0,0.0,0.0,0.0,,Ida-Viru maakond,,
2020-02-12,0.0,0.0,0.0,0.0,0.0,0.0,,Ida-Viru maakond,,
2020-02-13,0.0,0.0,0.0,0.0,0.0,0.0,,Ida-Viru maakond,,
2020-02-14,0.0,0.0,0.0,0.0,0.0,0.0,,Ida-Viru maakond,,
2020-02-15,0.0,0.0,0.0,0.0,0.0,0.0,,Ida-Viru maakond,,
2020-02-16,0.0,0.0,0.0,0.0,0.0,0.0,,Ida-Viru maakond,,
2020-02-17,0.0,0.0,0.0,0.0,0.0,0.0,,Ida-Viru maakond,,
2020-02-18,0.0,0.0,0.0,0.0,0.0,0.0,,Ida-Viru maakond,,
2020-02-19,0.0,0.0,0.0,0.0,0.0,0.0,,Ida-Viru maakond,,
2020-02-20,0.0,0.0,0.0,0.0,0.0,0.0,,Ida-Viru maakond,,
2020-02-21,0.0,0.0,0.0,0.0,0.0,0.0,,Ida-Viru maakond,,
2020-02-22,0.0,0.0,0.0,0.0,0.0,0.0,,Ida-Viru maakond,,
2020-02-23,0.0,0.0,0.0,0.0,0.0,0.0,,Ida-Viru maakond,,
2020-02-24,0.0,0.0,0.0,0.0,0.0,0.0,,Ida-Viru maakond,,
2020-02-25,0.0,0.0,0.0,0.0,0.0,0.0,,Ida-Viru maakond,,
2020-02-26,0.0,0.0,0.0,0.0,0.0,0.0,,Ida-Viru maakond,,
2020-02-27,0.0,0.0,0.0,0.0,0.0,0.0,,Ida-Viru maakond,,
2020-02-28,0.0,0.0,0.0,0.0,0.0,0.0,,Ida-Viru maakond,,
2020-02-29,0.0,0.0,0.0,0.0,0.0,0.0,,Ida-Viru maakond,,
2020-03-01,0.0,0.0,0.0,0.0,0.0,0.0,,Ida-Viru maakond,,
2020-03-02,0.0,0.0,0.0,0.0,0.0,0.0,,Ida-Viru maakond,,
2020-03-03,0.0,0.0,0.0,0.0,0.0,0.0,,Ida-Viru maakond,,
2020-03-04,0.0,0.0,0.0,0.0,0.0,0.0,,Ida-Viru maakond,,
2020-03-05,0.0,0.0,0.0,0.0,0.0,0.0,,Ida-Viru maakond,,
2020-03-06,0.0,0.0,0.0,0.0,0.0,0.0,,Ida-Viru maakond,,
2020-03-07,0.0,0.0,0.0,0.0,0.0,0.0,,Ida-Viru maakond,,
2020-03-08,0.0,0.0,0.0,0.0,0.0,0.0,,Ida-Viru maakond,,
2020-03-09,0.0,0.0,0.0,0.0,0.0,0.0,,Ida-Viru maakond,,
2020-03-10,1.0,0.0,1.0,1.0,0.0,1.0,,Ida-Viru maakond,0.0,0.0
2020-03-11,0.0,0.0,0.0,1.0,0.0,1.0,,Ida-Viru maakond,,0.0
2020-03-12,0.0,0.0,0.0,1.0,0.0,1.0,,Ida-Viru maakond,,0.0
2020-03-13,0.0,0.0,0.0,1.0,0.0,1.0,,Ida-Viru maakond,,0.0
2020-03-14,0.0,0.0,0.0,1.0,0.0,1.0,,Ida-Viru maakond,,0.0
2020-03-15,4.0,0.0,4.0,5.0,0.0,5.0,,Ida-Viru maakond,0.0,0.0
2020-03-16,2.0,1.0,3.0,7.0,1.0,8.0,,Ida-Viru maakond,0.3333,0.125
2020-03-17,7.0,0.0,7.0,14.0,1.0,15.0,,Ida-Viru maakond,0.0,0.0667
2020-03-18,3.0,1.0,4.0,17.0,2.0,19.0,,Ida-Viru maakond,0.25,0.1053
2020-03-19,8.0,0.0,8.0,25.0,2.0,27.0,,Ida-Viru maakond,0.0,0.0741
2020-03-20,17.0,0.0,17.0,42.0,2.0,44.0,,Ida-Viru maakond,0.0,0.0455
2020-03-21,34.0,4.0,38.0,76.0,6.0,82.0,,Ida-Viru maakond,0.1053,0.0732
2020-03-22,5.0,0.0,5.0,81.0,6.0,87.0,,Ida-Viru maakond,0.0,0.069
2020-03-23,22.0,0.0,22.0,103.0,6.0,109.0,,Ida-Viru maakond,0.0,0.055
2020-03-24,62.0,5.0,67.0,165.0,11.0,176.0,,Ida-Viru maakond,0.0746,0.0625
2020-03-25,76.0,0.0,76.0,241.0,11.0,252.0,,Ida-Viru maakond,0.0,0.0437
2020-03-26,78.0,1.0,79.0,319.0,12.0,331.0,,Ida-Viru maakond,0.0127,0.0363
2020-03-27,113.0,0.0,113.0,432.0,12.0,444.0,,Ida-Viru maakond,0.0,0.027
2020-03-28,24.0,0.0,24.0,456.0,12.0,468.0,,Ida-Viru maakond,0.0,0.0256
2020-03-29,118.0,3.0,121.0,574.0,15.0,589.0,,Ida-Viru maakond,0.0248,0.0255
2020-03-30,62.0,3.0,65.0,636.0,18.0,654.0,,Ida-Viru maakond,0.0462,0.0275
2020-03-31,170.0,8.0,178.0,806.0,26.0,832.0,,Ida-Viru maakond,0.0449,0.0312
2020-04-01,139.0,5.0,144.0,945.0,31.0,976.0,,Ida-Viru maakond,0.0347,0.0318
2020-04-02,248.0,10.0,258.0,1193.0,41.0,1234.0,,Ida-Viru maakond,0.0388,0.0332
2020-04-03,103.0,4.0,107.0,1296.0,45.0,1341.0,,Ida-Viru maakond,0.0374,0.0336
2020-04-04,125.0,16.0,141.0,1421.0,61.0,1482.0,,Ida-Viru maakond,0.1135,0.0412
2020-04-05,178.0,2.0,180.0,1599.0,63.0,1662.0,,Ida-Viru maakond,0.0111,0.0379
2020-04-06,154.0,2.0,156.0,1753.0,65.0,1818.0,,Ida-Viru maakond,0.0128,0.0358
2020-04-07,112.0,2.0,114.0,1865.0,67.0,1932.0,,Ida-Viru maakond,0.0175,0.0347
2020-04-08,194.0,3.0,197.0,2059.0,70.0,2129.0,,Ida-Viru maakond,0.0152,0.0329
2020-04-09,164.0,2.0,166.0,2223.0,72.0,2295.0,,Ida-Viru maakond,0.012,0.0314
2020-04-10,225.0,4.0,229.0,2448.0,76.0,2524.0,,Ida-Viru maakond,0.0175,0.0301
2020-04-11,122.0,0.0,122.0,2570.0,76.0,2646.0,,Ida-Viru maakond,0.0,0.0287
2020-04-12,51.0,1.0,52.0,2621.0,77.0,2698.0,,Ida-Viru maakond,0.0192,0.0285
2020-04-13,180.0,2.0,182.0,2801.0,79.0,2880.0,,Ida-Viru maakond,0.011,0.0274
2020-04-14,287.0,5.0,292.0,3088.0,84.0,3172.0,,Ida-Viru maakond,0.0171,0.0265
2020-04-15,188.0,6.0,194.0,3276.0,90.0,3366.0,,Ida-Viru maakond,0.0309,0.0267
2020-04-16,118.0,4.0,122.0,3394.0,94.0,3488.0,,Ida-Viru maakond,0.0328,0.0269
2020-04-17,216.0,1.0,217.0,3610.0,95.0,3705.0,,Ida-Viru maakond,0.0046,0.0256
2020-04-18,28.0,0.0,28.0,3638.0,95.0,3733.0,,Ida-Viru maakond,0.0,0.0254
2020-04-19,147.0,0.0,147.0,3785.0,95.0,3880.0,,Ida-Viru maakond,0.0,0.0245
2020-04-20,56.0,0.0,56.0,3841.0,95.0,3936.0,,Ida-Viru maakond,0.0,0.0241
2020-04-21,141.0,0.0,141.0,3982.0,95.0,4077.0,,Ida-Viru maakond,0.0,0.0233
2020-04-22,130.0,2.0,132.0,4112.0,97.0,4209.0,,Ida-Viru maakond,0.0152,0.023
2020-04-23,77.0,3.0,80.0,4189.0,100.0,4289.0,,Ida-Viru maakond,0.0375,0.0233
2020-04-24,153.0,15.0,168.0,4342.0,115.0,4457.0,,Ida-Viru maakond,0.0893,0.0258
2020-04-25,31.0,0.0,31.0,4373.0,115.0,4488.0,,Ida-Viru maakond,0.0,0.0256
2020-04-26,38.0,0.0,38.0,4411.0,115.0,4526.0,,Ida-Viru maakond,0.0,0.0254
2020-04-27,132.0,6.0,138.0,4543.0,121.0,4664.0,,Ida-Viru maakond,0.0435,0.0259
2020-04-28,159.0,1.0,160.0,4702.0,122.0,4824.0,1.0,Ida-Viru maakond,0.0062,0.0253
2020-02-05,0.0,0.0,0.0,0.0,0.0,0.0,,Rapla maakond,,
2020-02-06,0.0,0.0,0.0,0.0,0.0,0.0,,Rapla maakond,,
2020-02-07,0.0,0.0,0.0,0.0,0.0,0.0,,Rapla maakond,,
2020-02-08,0.0,0.0,0.0,0.0,0.0,0.0,,Rapla maakond,,
2020-02-09,0.0,0.0,0.0,0.0,0.0,0.0,,Rapla maakond,,
2020-02-10,0.0,0.0,0.0,0.0,0.0,0.0,,Rapla maakond,,
2020-02-11,0.0,0.0,0.0,0.0,0.0,0.0,,Rapla maakond,,
2020-02-12,0.0,0.0,0.0,0.0,0.0,0.0,,Rapla maakond,,
2020-02-13,0.0,0.0,0.0,0.0,0.0,0.0,,Rapla maakond,,
2020-02-14,0.0,0.0,0.0,0.0,0.0,0.0,,Rapla maakond,,
2020-02-15,0.0,0.0,0.0,0.0,0.0,0.0,,Rapla maakond,,
2020-02-16,0.0,0.0,0.0,0.0,0.0,0.0,,Rapla maakond,,
2020-02-17,0.0,0.0,0.0,0.0,0.0,0.0,,Rapla maakond,,
2020-02-18,0.0,0.0,0.0,0.0,0.0,0.0,,Rapla maakond,,
2020-02-19,0.0,0.0,0.0,0.0,0.0,0.0,,Rapla maakond,,
2020-02-20,0.0,0.0,0.0,0.0,0.0,0.0,,Rapla maakond,,
2020-02-21,0.0,0.0,0.0,0.0,0.0,0.0,,Rapla maakond,,
2020-02-22,0.0,0.0,0.0,0.0,0.0,0.0,,Rapla maakond,,
2020-02-23,0.0,0.0,0.0,0.0,0.0,0.0,,Rapla maakond,,
2020-02-24,0.0,0.0,0.0,0.0,0.0,0.0,,Rapla maakond,,
2020-02-25,0.0,0.0,0.0,0.0,0.0,0.0,,Rapla maakond,,
2020-02-26,0.0,0.0,0.0,0.0,0.0,0.0,,Rapla maakond,,
2020-02-27,0.0,0.0,0.0,0.0,0.0,0.0,,Rapla maakond,,
2020-02-28,0.0,0.0,0.0,0.0,0.0,0.0,,Rapla maakond,,
2020-02-29,0.0,0.0,0.0,0.0,0.0,0.0,,Rapla maakond,,
2020-03-01,0.0,0.0,0.0,0.0,0.0,0.0,,Rapla maakond,,
2020-03-02,0.0,0.0,0.0,0.0,0.0,0.0,,Rapla maakond,,
2020-03-03,1.0,0.0,1.0,1.0,0.0,1.0,,Rapla maakond,0.0,0.0
2020-03-04,0.0,0.0,0.0,1.0,0.0,1.0,,Rapla maakond,,0.0
2020-03-05,0.0,0.0,0.0,1.0,0.0,1.0,,Rapla maakond,,0.0
2020-03-06,2.0,0.0,2.0,3.0,0.0,3.0,,Rapla maakond,0.0,0.0
2020-03-07,0.0,0.0,0.0,3.0,0.0,3.0,,Rapla maakond,,0.0
2020-03-08,0.0,0.0,0.0,3.0,0.0,3.0,,Rapla maakond,,0.0
2020-03-09,0.0,0.0,0.0,3.0,0.0,3.0,,Rapla maakond,,0.0
2020-03-10,0.0,0.0,0.0,3.0,0.0,3.0,,Rapla maakond,,0.0
2020-03-11,0.0,0.0,0.0,3.0,0.0,3.0,,Rapla maakond,,0.0
2020-03-12,2.0,0.0,2.0,5.0,0.0,5.0,,Rapla maakond,0.0,0.0
2020-03-13,0.0,0.0,0.0,5.0,0.0,5.0,,Rapla maakond,,0.0
2020-03-14,0.0,0.0,0.0,5.0,0.0,5.0,,Rapla maakond,,0.0
2020-03-15,7.0,1.0,8.0,12.0,1.0,13.0,,Rapla maakond,0.125,0.0769
2020-03-16,8.0,0.0,8.0,20.0,1.0,21.0,,Rapla maakond,0.0,0.0476
2020-03-17,10.0,0.0,10.0,30.0,1.0,31.0,,Rapla maakond,0.0,0.0323
2020-03-18,22.0,0.0,22.0,52.0,1.0,53.0,,Rapla maakond,0.0,0.0189
2020-03-19,11.0,0.0,11.0,63.0,1.0,64.0,,Rapla maakond,0.0,0.0156
2020-03-20,15.0,0.0,15.0,78.0,1.0,79.0,,Rapla maakond,0.0,0.0127
2020-03-21,4.0,2.0,6.0,82.0,3.0,85.0,,Rapla maakond,0.3333,0.0353
2020-03-22,0.0,0.0,0.0,82.0,3.0,85.0,,Rapla maakond,,0.0353
2020-03-23,9.0,0.0,9.0,91.0,3.0,94.0,,Rapla maakond,0.0,0.0319
2020-03-24,25.0,1.0,26.0,116.0,4.0,120.0,,Rapla maakond,0.0385,0.0333
2020-03-25,20.0,2.0,22.0,136.0,6.0,142.0,,Rapla maakond,0.0909,0.0423
2020-03-26,52.0,2.0,54.0,188.0,8.0,196.0,,Rapla maakond,0.037,0.0408
2020-03-27,35.0,0.0,35.0,223.0,8.0,231.0,,Rapla maakond,0.0,0.0346
2020-03-28,8.0,0.0,8.0,231.0,8.0,239.0,,Rapla maakond,0.0,0.0335
2020-03-29,7.0,2.0,9.0,238.0,10.0,248.0,,Rapla maakond,0.2222,0.0403
2020-03-30,98.0,2.0,100.0,336.0,12.0,348.0,,Rapla maakond,0.02,0.0345
2020-03-31,88.0,0.0,88.0,424.0,12.0,436.0,,Rapla maakond,0.0,0.0275
2020-04-01,53.0,2.0,55.0,477.0,14.0,491.0,,Rapla maakond,0.0364,0.0285
2020-04-02,51.0,1.0,52.0,528.0,15.0,543.0,,Rapla maakond,0.0192,0.0276
2020-04-03,49.0,1.0,50.0,577.0,16.0,593.0,,Rapla maakond,0.02,0.027
2020-04-04,23.0,0.0,23.0,600.0,16.0,616.0,,Rapla maakond,0.0,0.026
2020-04-05,17.0,0.0,17.0,617.0,16.0,633.0,,Rapla maakond,0.0,0.0253
2020-04-06,29.0,2.0,31.0,646.0,18.0,664.0,,Rapla maakond,0.0645,0.0271
2020-04-07,28.0,0.0,28.0,674.0,18.0,692.0,,Rapla maakond,0.0,0.026
2020-04-08,40.0,0.0,40.0,714.0,18.0,732.0,,Rapla maakond,0.0,0.0246
2020-04-09,23.0,0.0,23.0,737.0,18.0,755.0,,Rapla maakond,0.0,0.0238
2020-04-10,22.0,0.0,22.0,759.0,18.0,777.0,,Rapla maakond,0.0,0.0232
2020-04-11,10.0,0.0,10.0,769.0,18.0,787.0,,Rapla maakond,0.0,0.0229
2020-04-12,8.0,2.0,10.0,777.0,20.0,797.0,,Rapla maakond,0.2,0.0251
2020-04-13,33.0,1.0,34.0,810.0,21.0,831.0,,Rapla maakond,0.0294,0.0253
2020-04-14,42.0,0.0,42.0,852.0,21.0,873.0,,Rapla maakond,0.0,0.0241
2020-04-15,36.0,0.0,36.0,888.0,21.0,909.0,,Rapla maakond,0.0,0.0231
2020-04-16,28.0,0.0,28.0,916.0,21.0,937.0,,Rapla maakond,0.0,0.0224
2020-04-17,33.0,1.0,34.0,949.0,22.0,971.0,,Rapla maakond,0.0294,0.0227
2020-04-18,13.0,0.0,13.0,962.0,22.0,984.0,,Rapla maakond,0.0,0.0224
2020-04-19,13.0,0.0,13.0,975.0,22.0,997.0,,Rapla maakond,0.0,0.0221
2020-04-20,46.0,0.0,46.0,1021.0,22.0,1043.0,,Rapla maakond,0.0,0.0211
2020-04-21,64.0,1.0,65.0,1085.0,23.0,1108.0,,Rapla maakond,0.0154,0.0208
2020-04-22,63.0,0.0,63.0,1148.0,23.0,1171.0,,Rapla maakond,0.0,0.0196
2020-04-23,17.0,0.0,17.0,1165.0,23.0,1188.0,,Rapla maakond,0.0,0.0194
2020-04-24,26.0,0.0,26.0,1191.0,23.0,1214.0,,Rapla maakond,0.0,0.0189
2020-04-25,16.0,0.0,16.0,1207.0,23.0,1230.0,,Rapla maakond,0.0,0.0187
2020-04-26,12.0,0.0,12.0,1219.0,23.0,1242.0,,Rapla maakond,0.0,0.0185
2020-04-27,35.0,0.0,35.0,1254.0,23.0,1277.0,,Rapla maakond,0.0,0.018
2020-04-28,87.0,0.0,87.0,1341.0,23.0,1364.0,1.0,Rapla maakond,0.0,0.0169
2020-02-05,0.0,0.0,0.0,0.0,0.0,0.0,,Hiiu maakond,,
2020-02-06,0.0,0.0,0.0,0.0,0.0,0.0,,Hiiu maakond,,
2020-02-07,0.0,0.0,0.0,0.0,0.0,0.0,,Hiiu maakond,,
2020-02-08,0.0,0.0,0.0,0.0,0.0,0.0,,Hiiu maakond,,
2020-02-09,0.0,0.0,0.0,0.0,0.0,0.0,,Hiiu maakond,,
2020-02-10,0.0,0.0,0.0,0.0,0.0,0.0,,Hiiu maakond,,
2020-02-11,0.0,0.0,0.0,0.0,0.0,0.0,,Hiiu maakond,,
2020-02-12,0.0,0.0,0.0,0.0,0.0,0.0,,Hiiu maakond,,
2020-02-13,0.0,0.0,0.0,0.0,0.0,0.0,,Hiiu maakond,,
2020-02-14,0.0,0.0,0.0,0.0,0.0,0.0,,Hiiu maakond,,
2020-02-15,0.0,0.0,0.0,0.0,0.0,0.0,,Hiiu maakond,,
2020-02-16,0.0,0.0,0.0,0.0,0.0,0.0,,Hiiu maakond,,
2020-02-17,0.0,0.0,0.0,0.0,0.0,0.0,,Hiiu maakond,,
2020-02-18,0.0,0.0,0.0,0.0,0.0,0.0,,Hiiu maakond,,
2020-02-19,0.0,0.0,0.0,0.0,0.0,0.0,,Hiiu maakond,,
2020-02-20,0.0,0.0,0.0,0.0,0.0,0.0,,Hiiu maakond,,
2020-02-21,0.0,0.0,0.0,0.0,0.0,0.0,,Hiiu maakond,,
2020-02-22,0.0,0.0,0.0,0.0,0.0,0.0,,Hiiu maakond,,
2020-02-23,0.0,0.0,0.0,0.0,0.0,0.0,,Hiiu maakond,,
2020-02-24,0.0,0.0,0.0,0.0,0.0,0.0,,Hiiu maakond,,
2020-02-25,0.0,0.0,0.0,0.0,0.0,0.0,,Hiiu maakond,,
2020-02-26,0.0,0.0,0.0,0.0,0.0,0.0,,Hiiu maakond,,
2020-02-27,0.0,0.0,0.0,0.0,0.0,0.0,,Hiiu maakond,,
2020-02-28,0.0,0.0,0.0,0.0,0.0,0.0,,Hiiu maakond,,
2020-02-29,0.0,0.0,0.0,0.0,0.0,0.0,,Hiiu maakond,,
2020-03-01,0.0,0.0,0.0,0.0,0.0,0.0,,Hiiu maakond,,
2020-03-02,0.0,0.0,0.0,0.0,0.0,0.0,,Hiiu maakond,,
2020-03-03,0.0,0.0,0.0,0.0,0.0,0.0,,Hiiu maakond,,
2020-03-04,0.0,0.0,0.0,0.0,0.0,0.0,,Hiiu maakond,,
2020-03-05,0.0,0.0,0.0,0.0,0.0,0.0,,Hiiu maakond,,
2020-03-06,0.0,0.0,0.0,0.0,0.0,0.0,,Hiiu maakond,,
2020-03-07,0.0,0.0,0.0,0.0,0.0,0.0,,Hiiu maakond,,
2020-03-08,0.0,0.0,0.0,0.0,0.0,0.0,,Hiiu maakond,,
2020-03-09,1.0,0.0,1.0,1.0,0.0,1.0,,Hiiu maakond,0.0,0.0
2020-03-10,0.0,0.0,0.0,1.0,0.0,1.0,,Hiiu maakond,,0.0
2020-03-11,0.0,0.0,0.0,1.0,0.0,1.0,,Hiiu maakond,,0.0
2020-03-12,0.0,0.0,0.0,1.0,0.0,1.0,,Hiiu maakond,,0.0
2020-03-13,2.0,0.0,2.0,3.0,0.0,3.0,,Hiiu maakond,0.0,0.0
2020-03-14,0.0,0.0,0.0,3.0,0.0,3.0,,Hiiu maakond,,0.0
2020-03-15,3.0,0.0,3.0,6.0,0.0,6.0,,Hiiu maakond,0.0,0.0
2020-03-16,1.0,0.0,1.0,7.0,0.0,7.0,,Hiiu maakond,0.0,0.0
2020-03-17,2.0,1.0,3.0,9.0,1.0,10.0,,Hiiu maakond,0.3333,0.1
2020-03-18,4.0,0.0,4.0,13.0,1.0,14.0,,Hiiu maakond,0.0,0.0714
2020-03-19,5.0,0.0,5.0,18.0,1.0,19.0,,Hiiu maakond,0.0,0.0526
2020-03-20,3.0,0.0,3.0,21.0,1.0,22.0,,Hiiu maakond,0.0,0.0455
2020-03-21,3.0,0.0,3.0,24.0,1.0,25.0,,Hiiu maakond,0.0,0.04
2020-03-22,0.0,0.0,0.0,24.0,1.0,25.0,,Hiiu maakond,,0.04
2020-03-23,3.0,0.0,3.0,27.0,1.0,28.0,,Hiiu maakond,0.0,0.0357
2020-03-24,9.0,0.0,9.0,36.0,1.0,37.0,,Hiiu maakond,0.0,0.027
2020-03-25,6.0,0.0,6.0,42.0,1.0,43.0,,Hiiu maakond,0.0,0.0233
2020-03-26,5.0,1.0,6.0,47.0,2.0,49.0,,Hiiu maakond,0.1667,0.0408
2020-03-27,30.0,4.0,34.0,77.0,6.0,83.0,,Hiiu maakond,0.1176,0.0723
2020-03-28,0.0,0.0,0.0,77.0,6.0,83.0,,Hiiu maakond,,0.0723
2020-03-29,2.0,0.0,2.0,79.0,6.0,85.0,,Hiiu maakond,0.0,0.0706
2020-03-30,10.0,1.0,11.0,89.0,7.0,96.0,,Hiiu maakond,0.0909,0.0729
2020-03-31,27.0,0.0,27.0,116.0,7.0,123.0,,Hiiu maakond,0.0,0.0569
2020-04-01,5.0,0.0,5.0,121.0,7.0,128.0,,Hiiu maakond,0.0,0.0547
2020-04-02,20.0,1.0,21.0,141.0,8.0,149.0,,Hiiu maakond,0.0476,0.0537
2020-04-03,19.0,0.0,19.0,160.0,8.0,168.0,,Hiiu maakond,0.0,0.0476
2020-04-04,2.0,0.0,2.0,162.0,8.0,170.0,,Hiiu maakond,0.0,0.0471
2020-04-05,2.0,0.0,2.0,164.0,8.0,172.0,,Hiiu maakond,0.0,0.0465
2020-04-06,13.0,0.0,13.0,177.0,8.0,185.0,,Hiiu maakond,0.0,0.0432
2020-04-07,6.0,0.0,6.0,183.0,8.0,191.0,,Hiiu maakond,0.0,0.0419
2020-04-08,24.0,0.0,24.0,207.0,8.0,215.0,,Hiiu maakond,0.0,0.0372
2020-04-09,4.0,0.0,4.0,211.0,8.0,219.0,,Hiiu maakond,0.0,0.0365
2020-04-10,70.0,0.0,70.0,281.0,8.0,289.0,,Hiiu maakond,0.0,0.0277
2020-04-11,1.0,0.0,1.0,282.0,8.0,290.0,,Hiiu maakond,0.0,0.0276
2020-04-12,0.0,0.0,0.0,282.0,8.0,290.0,,Hiiu maakond,,0.0276
2020-04-13,4.0,0.0,4.0,286.0,8.0,294.0,,Hiiu maakond,0.0,0.0272
2020-04-14,28.0,0.0,28.0,314.0,8.0,322.0,,Hiiu maakond,0.0,0.0248
2020-04-15,17.0,1.0,18.0,331.0,9.0,340.0,,Hiiu maakond,0.0556,0.0265
2020-04-16,4.0,0.0,4.0,335.0,9.0,344.0,,Hiiu maakond,0.0,0.0262
2020-04-17,19.0,1.0,20.0,354.0,10.0,364.0,,Hiiu maakond,0.05,0.0275
2020-04-18,0.0,0.0,0.0,354.0,10.0,364.0,,Hiiu maakond,,0.0275
2020-04-19,0.0,0.0,0.0,354.0,10.0,364.0,,Hiiu maakond,,0.0275
2020-04-20,3.0,0.0,3.0,357.0,10.0,367.0,,Hiiu maakond,0.0,0.0272
2020-04-21,14.0,0.0,14.0,371.0,10.0,381.0,,Hiiu maakond,0.0,0.0262
2020-04-22,12.0,1.0,13.0,383.0,11.0,394.0,,Hiiu maakond,0.0769,0.0279
2020-04-23,25.0,1.0,26.0,408.0,12.0,420.0,,Hiiu maakond,0.0385,0.0286
2020-04-24,13.0,0.0,13.0,421.0,12.0,433.0,,Hiiu maakond,0.0,0.0277
2020-04-25,8.0,0.0,8.0,429.0,12.0,441.0,,Hiiu maakond,0.0,0.0272
2020-04-26,7.0,0.0,7.0,436.0,12.0,448.0,,Hiiu maakond,0.0,0.0268
2020-04-27,22.0,0.0,22.0,458.0,12.0,470.0,,Hiiu maakond,0.0,0.0255
2020-04-28,14.0,0.0,14.0,472.0,12.0,484.0,1.0,Hiiu maakond,0.0,0.0248
2020-02-05,0.0,0.0,0.0,0.0,0.0,0.0,,Järva maakond,,
2020-02-06,0.0,0.0,0.0,0.0,0.0,0.0,,Järva maakond,,
2020-02-07,0.0,0.0,0.0,0.0,0.0,0.0,,Järva maakond,,
2020-02-08,0.0,0.0,0.0,0.0,0.0,0.0,,Järva maakond,,
2020-02-09,0.0,0.0,0.0,0.0,0.0,0.0,,Järva maakond,,
2020-02-10,0.0,0.0,0.0,0.0,0.0,0.0,,Järva maakond,,
2020-02-11,0.0,0.0,0.0,0.0,0.0,0.0,,Järva maakond,,
2020-02-12,0.0,0.0,0.0,0.0,0.0,0.0,,Järva maakond,,
2020-02-13,0.0,0.0,0.0,0.0,0.0,0.0,,Järva maakond,,
2020-02-14,0.0,0.0,0.0,0.0,0.0,0.0,,Järva maakond,,
2020-02-15,0.0,0.0,0.0,0.0,0.0,0.0,,Järva maakond,,
2020-02-16,0.0,0.0,0.0,0.0,0.0,0.0,,Järva maakond,,
2020-02-17,0.0,0.0,0.0,0.0,0.0,0.0,,Järva maakond,,
2020-02-18,0.0,0.0,0.0,0.0,0.0,0.0,,Järva maakond,,
2020-02-19,0.0,0.0,0.0,0.0,0.0,0.0,,Järva maakond,,
2020-02-20,0.0,0.0,0.0,0.0,0.0,0.0,,Järva maakond,,
2020-02-21,0.0,0.0,0.0,0.0,0.0,0.0,,Järva maakond,,
2020-02-22,0.0,0.0,0.0,0.0,0.0,0.0,,Järva maakond,,
2020-02-23,0.0,0.0,0.0,0.0,0.0,0.0,,Järva maakond,,
2020-02-24,0.0,0.0,0.0,0.0,0.0,0.0,,Järva maakond,,
2020-02-25,0.0,0.0,0.0,0.0,0.0,0.0,,Järva maakond,,
2020-02-26,0.0,0.0,0.0,0.0,0.0,0.0,,Järva maakond,,
2020-02-27,0.0,0.0,0.0,0.0,0.0,0.0,,Järva maakond,,
2020-02-28,0.0,0.0,0.0,0.0,0.0,0.0,,Järva maakond,,
2020-02-29,0.0,0.0,0.0,0.0,0.0,0.0,,Järva maakond,,
2020-03-01,0.0,0.0,0.0,0.0,0.0,0.0,,Järva maakond,,
2020-03-02,0.0,0.0,0.0,0.0,0.0,0.0,,Järva maakond,,
2020-03-03,0.0,0.0,0.0,0.0,0.0,0.0,,Järva maakond,,
2020-03-04,1.0,0.0,1.0,1.0,0.0,1.0,,Järva maakond,0.0,0.0
2020-03-05,0.0,0.0,0.0,1.0,0.0,1.0,,Järva maakond,,0.0
2020-03-06,0.0,0.0,0.0,1.0,0.0,1.0,,Järva maakond,,0.0
2020-03-07,0.0,0.0,0.0,1.0,0.0,1.0,,Järva maakond,,0.0
2020-03-08,0.0,0.0,0.0,1.0,0.0,1.0,,Järva maakond,,0.0
2020-03-09,0.0,0.0,0.0,1.0,0.0,1.0,,Järva maakond,,0.0
2020-03-10,0.0,0.0,0.0,1.0,0.0,1.0,,Järva maakond,,0.0
2020-03-11,0.0,0.0,0.0,1.0,0.0,1.0,,Järva maakond,,0.0
2020-03-12,0.0,0.0,0.0,1.0,0.0,1.0,,Järva maakond,,0.0
2020-03-13,3.0,0.0,3.0,4.0,0.0,4.0,,Järva maakond,0.0,0.0
2020-03-14,0.0,0.0,0.0,4.0,0.0,4.0,,Järva maakond,,0.0
2020-03-15,2.0,0.0,2.0,6.0,0.0,6.0,,Järva maakond,0.0,0.0
2020-03-16,1.0,0.0,1.0,7.0,0.0,7.0,,Järva maakond,0.0,0.0
2020-03-17,1.0,0.0,1.0,8.0,0.0,8.0,,Järva maakond,0.0,0.0
2020-03-18,6.0,0.0,6.0,14.0,0.0,14.0,,Järva maakond,0.0,0.0
2020-03-19,4.0,0.0,4.0,18.0,0.0,18.0,,Järva maakond,0.0,0.0
2020-03-20,3.0,0.0,3.0,21.0,0.0,21.0,,Järva maakond,0.0,0.0
2020-03-21,12.0,1.0,13.0,33.0,1.0,34.0,,Järva maakond,0.0769,0.0294
2020-03-22,4.0,0.0,4.0,37.0,1.0,38.0,,Järva maakond,0.0,0.0263
2020-03-23,1.0,0.0,1.0,38.0,1.0,39.0,,Järva maakond,0.0,0.0256
2020-03-24,17.0,0.0,17.0,55.0,1.0,56.0,,Järva maakond,0.0,0.0179
2020-03-25,11.0,0.0,11.0,66.0,1.0,67.0,,Järva maakond,0.0,0.0149
2020-03-26,14.0,0.0,14.0,80.0,1.0,81.0,,Järva maakond,0.0,0.0123
2020-03-27,13.0,1.0,14.0,93.0,2.0,95.0,,Järva maakond,0.0714,0.0211
2020-03-28,14.0,0.0,14.0,107.0,2.0,109.0,,Järva maakond,0.0,0.0183
2020-03-29,62.0,2.0,64.0,169.0,4.0,173.0,,Järva maakond,0.0312,0.0231
2020-03-30,103.0,0.0,103.0,272.0,4.0,276.0,,Järva maakond,0.0,0.0145
2020-03-31,76.0,0.0,76.0,348.0,4.0,352.0,,Järva maakond,0.0,0.0114
2020-04-01,21.0,2.0,23.0,369.0,6.0,375.0,,Järva maakond,0.087,0.016
2020-04-02,82.0,0.0,82.0,451.0,6.0,457.0,,Järva maakond,0.0,0.0131
2020-04-03,49.0,0.0,49.0,500.0,6.0,506.0,,Järva maakond,0.0,0.0119
2020-04-04,19.0,1.0,20.0,519.0,7.0,526.0,,Järva maakond,0.05,0.0133
2020-04-05,7.0,0.0,7.0,526.0,7.0,533.0,,Järva maakond,0.0,0.0131
2020-04-06,52.0,0.0,52.0,578.0,7.0,585.0,,Järva maakond,0.0,0.012
2020-04-07,26.0,2.0,28.0,604.0,9.0,613.0,,Järva maakond,0.0714,0.0147
2020-04-08,87.0,0.0,87.0,691.0,9.0,700.0,,Järva maakond,0.0,0.0129
2020-04-09,27.0,1.0,28.0,718.0,10.0,728.0,,Järva maakond,0.0357,0.0137
2020-04-10,28.0,0.0,28.0,746.0,10.0,756.0,,Järva maakond,0.0,0.0132
2020-04-11,16.0,0.0,16.0,762.0,10.0,772.0,,Järva maakond,0.0,0.013
2020-04-12,9.0,0.0,9.0,771.0,10.0,781.0,,Järva maakond,0.0,0.0128
2020-04-13,32.0,0.0,32.0,803.0,10.0,813.0,,Järva maakond,0.0,0.0123
2020-04-14,24.0,0.0,24.0,827.0,10.0,837.0,,Järva maakond,0.0,0.0119
2020-04-15,25.0,0.0,25.0,852.0,10.0,862.0,,Järva maakond,0.0,0.0116
2020-04-16,45.0,0.0,45.0,897.0,10.0,907.0,,Järva maakond,0.0,0.011
2020-04-17,27.0,0.0,27.0,924.0,10.0,934.0,,Järva maakond,0.0,0.0107
2020-04-18,26.0,0.0,26.0,950.0,10.0,960.0,,Järva maakond,0.0,0.0104
2020-04-19,16.0,0.0,16.0,966.0,10.0,976.0,,Järva maakond,0.0,0.0102
2020-04-20,59.0,1.0,60.0,1025.0,11.0,1036.0,,Järva maakond,0.0167,0.0106
2020-04-21,38.0,0.0,38.0,1063.0,11.0,1074.0,,Järva maakond,0.0,0.0102
2020-04-22,66.0,1.0,67.0,1129.0,12.0,1141.0,,Järva maakond,0.0149,0.0105
2020-04-23,18.0,0.0,18.0,1147.0,12.0,1159.0,,Järva maakond,0.0,0.0104
2020-04-24,29.0,0.0,29.0,1176.0,12.0,1188.0,,Järva maakond,0.0,0.0101
2020-04-25,13.0,0.0,13.0,1189.0,12.0,1201.0,,Järva maakond,0.0,0.01
2020-04-26,9.0,0.0,9.0,1198.0,12.0,1210.0,,Järva maakond,0.0,0.0099
2020-04-27,55.0,0.0,55.0,1253.0,12.0,1265.0,,Järva maakond,0.0,0.0095
2020-04-28,21.0,0.0,21.0,1274.0,12.0,1286.0,1.0,Järva maakond,0.0,0.0093
